-- phpMyAdmin SQL Dump
-- version 4.9.7
-- https://www.phpmyadmin.net/
--
-- Host: localhost:3306
-- Generation Time: Feb 13, 2023 at 10:01 AM
-- Server version: 10.2.44-MariaDB-cll-lve
-- PHP Version: 7.4.33

SET SQL_MODE = "NO_AUTO_VALUE_ON_ZERO";
SET AUTOCOMMIT = 0;
START TRANSACTION;
SET time_zone = "+00:00";


/*!40101 SET @OLD_CHARACTER_SET_CLIENT=@@CHARACTER_SET_CLIENT */;
/*!40101 SET @OLD_CHARACTER_SET_RESULTS=@@CHARACTER_SET_RESULTS */;
/*!40101 SET @OLD_COLLATION_CONNECTION=@@COLLATION_CONNECTION */;
/*!40101 SET NAMES utf8mb4 */;

--
-- Database: `smak6932_jesica`
--

-- --------------------------------------------------------

--
-- Table structure for table `failed_jobs`
--

CREATE TABLE `failed_jobs` (
  `id` bigint(20) UNSIGNED NOT NULL,
  `uuid` varchar(255) COLLATE utf8mb4_unicode_ci NOT NULL,
  `connection` text COLLATE utf8mb4_unicode_ci NOT NULL,
  `queue` text COLLATE utf8mb4_unicode_ci NOT NULL,
  `payload` longtext COLLATE utf8mb4_unicode_ci NOT NULL,
  `exception` longtext COLLATE utf8mb4_unicode_ci NOT NULL,
  `failed_at` timestamp NOT NULL DEFAULT current_timestamp()
) ENGINE=InnoDB DEFAULT CHARSET=utf8mb4 COLLATE=utf8mb4_unicode_ci;

-- --------------------------------------------------------

--
-- Table structure for table `kawasan`
--

CREATE TABLE `kawasan` (
  `id` bigint(20) UNSIGNED NOT NULL,
  `koordinat_id` bigint(20) UNSIGNED NOT NULL,
  `kd_kawasan` varchar(10) COLLATE utf8mb4_unicode_ci NOT NULL,
  `nm_kawasan` varchar(100) COLLATE utf8mb4_unicode_ci NOT NULL,
  `warna` varchar(10) COLLATE utf8mb4_unicode_ci NOT NULL,
  `luas` decimal(10,3) NOT NULL,
  `created_at` timestamp NULL DEFAULT NULL,
  `updated_at` timestamp NULL DEFAULT NULL
) ENGINE=InnoDB DEFAULT CHARSET=utf8mb4 COLLATE=utf8mb4_unicode_ci;

--
-- Dumping data for table `kawasan`
--

INSERT INTO `kawasan` (`id`, `koordinat_id`, `kd_kawasan`, `nm_kawasan`, `warna`, `luas`, `created_at`, `updated_at`) VALUES
(3, 9, 'HPK', 'Hutan Produksi Yang Dapat Dikonversi', '#fd26b9', '5998.790', '2022-07-23 22:43:14', '2022-07-23 22:43:14'),
(4, 10, 'KSA/KPA', 'Kawasan Suaka/Pelestarian Alam', '#9306e0', '46903.300', '2022-07-24 15:14:12', '2022-07-24 15:14:12'),
(5, 11, 'HL', 'HUTAN LINDUNG', '#0ba300', '651456.240', '2022-09-25 20:20:33', '2022-09-25 20:20:33'),
(6, 12, 'HL', 'HUTAN LINDUNG', '#0ba300', '651456.240', '2022-09-25 20:20:34', '2022-09-25 20:20:34'),
(7, 13, 'HP', 'HUTAN PRODUKSI TETAP', '#efff14', '553399.480', '2022-09-25 20:37:03', '2022-09-25 20:37:03'),
(8, 14, 'HPK', 'HUTAN PRODUKSI YANG DAPAT DIKONVERSI', '#ff70fa', '40983.580', '2022-09-25 20:41:02', '2022-09-25 20:41:02'),
(9, 15, 'HP', 'HUTAN LINDUNG', '#1a9900', '20433.650', '2022-09-25 20:44:02', '2022-09-25 20:44:02'),
(10, 16, 'APL', 'AREAL PENGGUNAAN LAIN', '#fcfcfc', '25873.790', '2022-09-25 20:46:27', '2022-09-25 20:46:27'),
(11, 17, 'HPK', 'HUTAN PRODUKSI YANG DAPAT DIKONVERSI', '#ff00ea', '36195.020', '2022-09-25 20:49:28', '2022-09-25 20:49:28'),
(12, 18, 'HL', 'HUTAN LINDUNG', '#00940a', '157.730', '2022-09-25 20:52:46', '2022-09-25 20:52:46'),
(13, 19, 'HL', 'HUTAN LINDUNG', '#008502', '303.300', '2022-09-25 20:54:23', '2022-09-25 20:54:23'),
(14, 20, 'HL', 'HUTAN LINDUNG', '#026100', '506.250', '2022-09-25 20:55:30', '2022-09-25 20:55:30'),
(16, 22, 'KSA/KPA', 'KAWASAN SUAKA/PELESTARIAN ALAM', '#bf03d8', '17766.760', '2022-09-25 20:59:16', '2022-09-25 20:59:16'),
(17, 23, 'HL', 'HUTAN LINDUNG', '#008502', '5835.640', '2022-09-25 21:02:48', '2022-09-25 21:02:48'),
(18, 24, 'HPK', 'HUTAN PRODUKSI YANG DAPAT DIKONVERSI', '#f202be', '5468.380', '2022-09-25 21:05:11', '2022-09-25 21:05:11'),
(19, 25, 'HPK', 'HUTAN PRODUKSI YANG DAPAT DIKONVERSI', '#ff05bc', '87035.820', '2022-09-25 21:07:53', '2022-09-25 21:07:53'),
(20, 26, 'HP', 'HUTAN PRODUKSI TETAP', '#ffea00', '51505.720', '2022-09-25 21:10:03', '2022-09-25 21:10:03'),
(21, 27, 'APL', 'AREAL PENGGUNAAN LAIN', '#fcf7f7', '13421.050', '2022-09-25 21:10:53', '2022-09-25 21:10:53'),
(22, 28, 'HPT', 'HUTAN PRODUKSI TERBATAS', '#00ff1e', '161555.120', '2022-09-25 21:12:46', '2022-09-25 21:12:46'),
(23, 29, 'HPK', 'HUTAN PRODUKSI YANG DAPAT DIKONVERSI', '#f40be0', '396.060', '2022-09-25 21:13:46', '2022-09-25 21:13:46'),
(24, 30, 'APL', 'AREAL PENGGUNAAN LAIN', '#ffffff', '189591.620', '2022-09-25 21:19:07', '2022-09-25 21:19:07');

-- --------------------------------------------------------

--
-- Table structure for table `kawasan_tutupan`
--

CREATE TABLE `kawasan_tutupan` (
  `id` bigint(20) UNSIGNED NOT NULL,
  `kawasan_id` bigint(20) UNSIGNED NOT NULL,
  `tutupan_id` bigint(20) UNSIGNED NOT NULL,
  `luas` decimal(10,2) NOT NULL,
  `presentase` decimal(5,2) NOT NULL,
  `created_at` timestamp NULL DEFAULT NULL,
  `updated_at` timestamp NULL DEFAULT NULL
) ENGINE=InnoDB DEFAULT CHARSET=utf8mb4 COLLATE=utf8mb4_unicode_ci;

--
-- Dumping data for table `kawasan_tutupan`
--

INSERT INTO `kawasan_tutupan` (`id`, `kawasan_id`, `tutupan_id`, `luas`, `presentase`, `created_at`, `updated_at`) VALUES
(1, 3, 1, '939.92', '9.60', '2022-07-23 22:48:32', '2022-07-23 22:48:32'),
(2, 4, 1, '5.52', '60.84', '2022-07-24 16:13:27', '2022-07-24 16:13:27'),
(3, 4, 2, '841.51', '9.27', '2022-07-24 16:13:55', '2022-07-24 16:13:55'),
(4, 4, 3, '113.18', '1.25', '2022-07-24 16:14:27', '2022-07-24 16:14:27'),
(5, 4, 4, '2.19', '0.02', '2022-07-24 16:15:15', '2022-07-24 16:15:15'),
(6, 4, 5, '1.04', '0.01', '2022-07-24 16:15:48', '2022-07-24 16:15:48'),
(7, 4, 7, '43.35', '0.48', '2022-07-24 16:16:30', '2022-07-24 16:16:30'),
(8, 4, 8, '5.34', '0.06', '2022-07-24 16:17:03', '2022-07-24 16:17:03'),
(9, 4, 9, '653.08', '7.20', '2022-07-24 16:17:57', '2022-07-24 16:17:57'),
(11, 4, 10, '80.29', '0.88', '2022-07-24 16:19:00', '2022-07-24 16:19:00'),
(12, 4, 11, '222.76', '2.46', '2022-07-24 16:19:37', '2022-07-24 16:19:37'),
(13, 4, 16, '112.15', '1.24', '2022-07-24 16:20:12', '2022-07-24 16:20:12'),
(14, 4, 18, '16.81', '0.19', '2022-07-24 16:21:16', '2022-07-24 16:21:16'),
(15, 3, 2, '3.98', '40.67', '2022-07-24 17:06:50', '2022-07-24 17:06:50'),
(16, 3, 5, '940.84', '9.61', '2022-07-24 17:07:26', '2022-07-24 17:07:26'),
(17, 3, 6, '640.64', '6.54', '2022-07-24 17:07:53', '2022-07-24 17:07:53'),
(18, 3, 7, '0.02', '0.00', '2022-07-24 17:08:09', '2022-07-24 17:08:09'),
(19, 3, 8, '1.08', '11.05', '2022-07-24 17:08:31', '2022-07-24 17:08:31'),
(20, 3, 9, '1.45', '14.86', '2022-07-24 17:08:56', '2022-07-24 17:08:56'),
(21, 3, 10, '7.02', '0.07', '2022-07-24 17:09:18', '2022-07-24 17:09:18'),
(22, 3, 11, '445.75', '4.55', '2022-07-24 17:09:45', '2022-07-24 17:09:45'),
(23, 3, 12, '54.94', '0.56', '2022-07-24 17:10:03', '2022-07-24 17:10:03'),
(24, 3, 13, '0.90', '0.01', '2022-07-24 17:10:30', '2022-07-24 17:10:30'),
(25, 3, 14, '0.02', '0.00', '2022-07-24 17:10:45', '2022-07-24 17:10:45'),
(26, 3, 16, '26.66', '0.27', '2022-07-24 17:11:20', '2022-07-24 17:11:20'),
(27, 3, 18, '208.56', '2.13', '2022-07-24 17:11:47', '2022-07-24 17:11:47');

-- --------------------------------------------------------

--
-- Table structure for table `koordinat`
--

CREATE TABLE `koordinat` (
  `id` bigint(20) UNSIGNED NOT NULL,
  `nm_koordinat` varchar(100) COLLATE utf8mb4_unicode_ci NOT NULL,
  `jenis` varchar(10) COLLATE utf8mb4_unicode_ci NOT NULL,
  `created_at` timestamp NULL DEFAULT NULL,
  `updated_at` timestamp NULL DEFAULT NULL
) ENGINE=InnoDB DEFAULT CHARSET=utf8mb4 COLLATE=utf8mb4_unicode_ci;

--
-- Dumping data for table `koordinat`
--

INSERT INTO `koordinat` (`id`, `nm_koordinat`, `jenis`, `created_at`, `updated_at`) VALUES
(1, 'Hutan Lindung', 'polygon', '2022-07-23 07:44:20', '2022-07-23 07:44:20'),
(2, 'Hutan Lindung', 'polygon', '2022-07-23 07:44:35', '2022-07-23 07:44:35'),
(3, 'Hutan Lindung', 'polygon', '2022-07-23 07:44:41', '2022-07-23 07:44:41'),
(4, 'Hutan Lindung', 'polygon', '2022-07-23 07:44:41', '2022-07-23 07:44:41'),
(5, 'Hutan Lindung', 'polygon', '2022-07-23 07:44:49', '2022-07-23 07:44:49'),
(9, 'Hutan Produksi Yang Dapat Dikonversi', 'polygon', '2022-07-23 22:43:14', '2022-07-23 22:43:14'),
(10, 'Kawasan Suaka/Pelestarian Alam', 'polygon', '2022-07-24 15:14:12', '2022-07-24 15:14:12'),
(11, 'HUTAN LINDUNG', 'polygon', '2022-09-25 20:20:33', '2022-09-25 20:20:33'),
(12, 'HUTAN LINDUNG', 'polygon', '2022-09-25 20:20:34', '2022-09-25 20:20:34'),
(13, 'HUTAN PRODUKSI TETAP', 'polygon', '2022-09-25 20:37:03', '2022-09-25 20:37:03'),
(14, 'HUTAN PRODUKSI YANG DAPAT DIKONVERSI', 'polygon', '2022-09-25 20:41:02', '2022-09-25 20:41:02'),
(15, 'HUTAN LINDUNG', 'polygon', '2022-09-25 20:44:02', '2022-09-25 20:44:02'),
(16, 'AREAL PENGGUNAAN LAIN', 'polygon', '2022-09-25 20:46:27', '2022-09-25 20:46:27'),
(17, 'HUTAN PRODUKSI YANG DAPAT DIKONVERSI', 'polygon', '2022-09-25 20:49:28', '2022-09-25 20:49:28'),
(18, 'HUTAN LINDUNG', 'polygon', '2022-09-25 20:52:46', '2022-09-25 20:52:46'),
(19, 'HUTAN LINDUNG', 'polygon', '2022-09-25 20:54:23', '2022-09-25 20:54:23'),
(20, 'HUTAN LINDUNG', 'polygon', '2022-09-25 20:55:30', '2022-09-25 20:55:30'),
(22, 'KAWASAN SUAKA/PELESTARIAN ALAM', 'polygon', '2022-09-25 20:59:16', '2022-09-25 20:59:16'),
(23, 'HUTAN LINDUNG', 'polygon', '2022-09-25 21:02:48', '2022-09-25 21:02:48'),
(24, 'HUTAN PRODUKSI YANG DAPAT DIKONVERSI', 'polygon', '2022-09-25 21:05:11', '2022-09-25 21:05:11'),
(25, 'HUTAN PRODUKSI YANG DAPAT DIKONVERSI', 'polygon', '2022-09-25 21:07:53', '2022-09-25 21:07:53'),
(26, 'HUTAN PRODUKSI TETAP', 'polygon', '2022-09-25 21:10:03', '2022-09-25 21:10:03'),
(27, 'AREAL PENGGUNAAN LAIN', 'polygon', '2022-09-25 21:10:53', '2022-09-25 21:10:53'),
(28, 'HUTAN PRODUKSI TERBATAS', 'polygon', '2022-09-25 21:12:46', '2022-09-25 21:12:46'),
(29, 'HUTAN PRODUKSI YANG DAPAT DIKONVERSI', 'polygon', '2022-09-25 21:13:46', '2022-09-25 21:13:46'),
(30, 'AREAL PENGGUNAAN LAIN', 'polygon', '2022-09-25 21:19:07', '2022-09-25 21:19:07');

-- --------------------------------------------------------

--
-- Table structure for table `koordinat_det`
--

CREATE TABLE `koordinat_det` (
  `id` bigint(20) UNSIGNED NOT NULL,
  `koordinat_id` bigint(20) UNSIGNED NOT NULL,
  `longitude` double(12,8) NOT NULL,
  `latitude` double(12,8) NOT NULL,
  `created_at` timestamp NULL DEFAULT NULL,
  `updated_at` timestamp NULL DEFAULT NULL
) ENGINE=InnoDB DEFAULT CHARSET=utf8mb4 COLLATE=utf8mb4_unicode_ci;

--
-- Dumping data for table `koordinat_det`
--

INSERT INTO `koordinat_det` (`id`, `koordinat_id`, `longitude`, `latitude`, `created_at`, `updated_at`) VALUES
(30, 9, 140.65305303, -2.47659733, '2022-07-23 22:43:14', '2022-07-23 22:43:14'),
(31, 9, 140.64971014, -2.48022336, '2022-07-23 22:43:14', '2022-07-23 22:43:14'),
(32, 9, 140.64665378, -2.48270432, '2022-07-23 22:43:14', '2022-07-23 22:43:14'),
(33, 9, 140.64961463, -2.48279974, '2022-07-23 22:43:14', '2022-07-23 22:43:14'),
(34, 9, 140.65200241, -2.48594864, '2022-07-23 22:43:14', '2022-07-23 22:43:14'),
(35, 9, 140.66489640, -2.49205559, '2022-07-23 22:43:14', '2022-07-23 22:43:14'),
(36, 9, 140.67807694, -2.49539531, '2022-07-23 22:43:14', '2022-07-23 22:43:14'),
(37, 9, 140.68189738, -2.49196017, '2022-07-23 22:43:14', '2022-07-23 22:43:14'),
(38, 9, 140.68275698, -2.48909754, '2022-07-23 22:43:14', '2022-07-23 22:43:14'),
(39, 9, 140.68208840, -2.48804791, '2022-07-23 22:43:14', '2022-07-23 22:43:14'),
(40, 9, 140.68313903, -2.48547154, '2022-07-23 22:43:14', '2022-07-23 22:43:14'),
(41, 9, 140.68399863, -2.48404022, '2022-07-23 22:43:14', '2022-07-23 22:43:14'),
(42, 9, 140.68514476, -2.48375395, '2022-07-23 22:43:14', '2022-07-23 22:43:14'),
(43, 9, 140.68638640, -2.48089131, '2022-07-23 22:43:14', '2022-07-23 22:43:14'),
(44, 9, 140.68743703, -2.48031878, '2022-07-23 22:43:14', '2022-07-23 22:43:14'),
(45, 9, 140.68724600, -2.47907830, '2022-07-23 22:43:14', '2022-07-23 22:43:14'),
(46, 9, 140.68619538, -2.47764697, '2022-07-23 22:43:14', '2022-07-23 22:43:14'),
(47, 9, 140.68342556, -2.47821950, '2022-07-23 22:43:14', '2022-07-23 22:43:14'),
(48, 9, 140.68132431, -2.48031878, '2022-07-23 22:43:14', '2022-07-23 22:43:14'),
(49, 9, 140.67989165, -2.48060505, '2022-07-23 22:43:14', '2022-07-23 22:43:14'),
(50, 9, 140.67865000, -2.48146384, '2022-07-23 22:43:14', '2022-07-23 22:43:14'),
(51, 9, 140.67712183, -2.48136842, '2022-07-23 22:43:14', '2022-07-23 22:43:14'),
(52, 9, 140.67607120, -2.48117757, '2022-07-23 22:43:14', '2022-07-23 22:43:14'),
(53, 9, 140.67568916, -2.48050962, '2022-07-23 22:43:14', '2022-07-23 22:43:14'),
(54, 9, 140.67454303, -2.48022336, '2022-07-23 22:43:14', '2022-07-23 22:43:14'),
(55, 9, 140.67349240, -2.48022336, '2022-07-23 22:43:14', '2022-07-23 22:43:14'),
(56, 9, 140.67272832, -2.47869661, '2022-07-23 22:43:14', '2022-07-23 22:43:14'),
(57, 9, 140.67244178, -2.47745613, '2022-07-23 22:43:14', '2022-07-23 22:43:14'),
(58, 9, 140.67215525, -2.47612022, '2022-07-23 22:43:14', '2022-07-23 22:43:14'),
(59, 9, 140.67158218, -2.47497516, '2022-07-23 22:43:14', '2022-07-23 22:43:14'),
(60, 9, 140.67024503, -2.47468889, '2022-07-23 22:43:14', '2022-07-23 22:43:14'),
(61, 9, 140.66928992, -2.47468889, '2022-07-23 22:43:14', '2022-07-23 22:43:14'),
(62, 9, 140.66852583, -2.47402094, '2022-07-23 22:43:14', '2022-07-23 22:43:14'),
(63, 9, 140.66795276, -2.47468889, '2022-07-23 22:43:14', '2022-07-23 22:43:14'),
(64, 9, 140.66709316, -2.47487974, '2022-07-23 22:43:14', '2022-07-23 22:43:14'),
(65, 9, 140.66613805, -2.47440263, '2022-07-23 22:43:14', '2022-07-23 22:43:14'),
(66, 9, 140.66508743, -2.47373467, '2022-07-23 22:43:14', '2022-07-23 22:43:14'),
(67, 9, 140.66365476, -2.47363925, '2022-07-23 22:43:14', '2022-07-23 22:43:14'),
(68, 9, 140.66250863, -2.47373467, '2022-07-23 22:43:14', '2022-07-23 22:43:14'),
(69, 9, 140.66203107, -2.47449805, '2022-07-23 22:43:14', '2022-07-23 22:43:14'),
(70, 9, 140.66193556, -2.47554769, '2022-07-23 22:43:14', '2022-07-23 22:43:14'),
(71, 9, 140.66098045, -2.47592938, '2022-07-23 22:43:14', '2022-07-23 22:43:14'),
(72, 9, 140.65992983, -2.47592938, '2022-07-23 22:43:14', '2022-07-23 22:43:14'),
(73, 9, 140.65897472, -2.47583396, '2022-07-23 22:43:14', '2022-07-23 22:43:14'),
(74, 9, 140.65811512, -2.47659733, '2022-07-23 22:43:14', '2022-07-23 22:43:14'),
(75, 9, 140.65725552, -2.47697902, '2022-07-23 22:43:14', '2022-07-23 22:43:14'),
(76, 9, 140.65630041, -2.47707444, '2022-07-23 22:43:14', '2022-07-23 22:43:14'),
(77, 9, 140.65429467, -2.47678818, '2022-07-23 22:43:14', '2022-07-23 22:43:14'),
(78, 9, 140.65305303, -2.47659733, '2022-07-23 22:43:14', '2022-07-23 22:43:14'),
(79, 10, 140.64620815, -2.48296972, '2022-07-24 15:14:12', '2022-07-24 15:14:12'),
(80, 10, 140.64413933, -2.48744796, '2022-07-24 15:14:12', '2022-07-24 15:14:12'),
(81, 10, 140.64517374, -2.49020379, '2022-07-24 15:14:12', '2022-07-24 15:14:12'),
(82, 10, 140.64534614, -2.49468201, '2022-07-24 15:14:12', '2022-07-24 15:14:12'),
(83, 10, 140.64207050, -2.49916021, '2022-07-24 15:14:12', '2022-07-24 15:14:12'),
(84, 10, 140.63931206, -2.50432735, '2022-07-24 15:14:12', '2022-07-24 15:14:12'),
(85, 10, 140.63379519, -2.50484406, '2022-07-24 15:14:12', '2022-07-24 15:14:12'),
(86, 10, 140.62327866, -2.50828881, '2022-07-24 15:14:12', '2022-07-24 15:14:12'),
(87, 10, 140.63103676, -2.51758957, '2022-07-24 15:14:12', '2022-07-24 15:14:12'),
(88, 10, 140.63224357, -2.52327334, '2022-07-24 15:14:12', '2022-07-24 15:14:12'),
(89, 10, 140.63500201, -2.52637357, '2022-07-24 15:14:12', '2022-07-24 15:14:12'),
(90, 10, 140.63448480, -2.53033496, '2022-07-24 15:14:12', '2022-07-24 15:14:12'),
(91, 10, 140.63672603, -2.53377964, '2022-07-24 15:14:12', '2022-07-24 15:14:12'),
(92, 10, 140.64189810, -2.53532974, '2022-07-24 15:14:12', '2022-07-24 15:14:12'),
(93, 10, 140.63965687, -2.54204683, '2022-07-24 15:14:12', '2022-07-24 15:14:12'),
(94, 10, 140.64655296, -2.54910835, '2022-07-24 15:14:12', '2022-07-24 15:14:12'),
(95, 10, 140.64965620, -2.54824719, '2022-07-24 15:14:12', '2022-07-24 15:14:12'),
(96, 10, 140.65431106, -2.55393082, '2022-07-24 15:14:12', '2022-07-24 15:14:12'),
(97, 10, 140.66465519, -2.55255297, '2022-07-24 15:14:12', '2022-07-24 15:14:12'),
(98, 10, 140.67430971, -2.54704156, '2022-07-24 15:14:12', '2022-07-24 15:14:12'),
(99, 10, 140.67810256, -2.55048620, '2022-07-24 15:14:12', '2022-07-24 15:14:12'),
(100, 10, 140.68299879, -2.54859165, '2022-07-24 15:14:12', '2022-07-24 15:14:12'),
(101, 10, 140.68472281, -2.54738603, '2022-07-24 15:14:12', '2022-07-24 15:14:12'),
(102, 10, 140.68644683, -2.54376915, '2022-07-24 15:14:12', '2022-07-24 15:14:12'),
(103, 10, 140.68955007, -2.54411362, '2022-07-24 15:14:12', '2022-07-24 15:14:12'),
(104, 10, 140.69179130, -2.54308022, '2022-07-24 15:14:12', '2022-07-24 15:14:12'),
(105, 10, 140.68799845, -2.53601868, '2022-07-24 15:14:12', '2022-07-24 15:14:12'),
(106, 10, 140.69368772, -2.52826815, '2022-07-24 15:14:12', '2022-07-24 15:14:12'),
(107, 10, 140.70196303, -2.53154060, '2022-07-24 15:14:12', '2022-07-24 15:14:12'),
(108, 10, 140.69730817, -2.51845075, '2022-07-24 15:14:12', '2022-07-24 15:14:12'),
(109, 10, 140.70075621, -2.51466156, '2022-07-24 15:14:12', '2022-07-24 15:14:12'),
(110, 10, 140.70316984, -2.50914999, '2022-07-24 15:14:12', '2022-07-24 15:14:12'),
(111, 10, 140.69834258, -2.50381064, '2022-07-24 15:14:12', '2022-07-24 15:14:12'),
(112, 10, 140.70075621, -2.49933245, '2022-07-24 15:14:12', '2022-07-24 15:14:12'),
(113, 10, 140.70592828, -2.49020379, '2022-07-24 15:14:12', '2022-07-24 15:14:12'),
(114, 10, 140.70558348, -2.48417540, '2022-07-24 15:14:12', '2022-07-24 15:14:12'),
(115, 10, 140.70102059, -2.48385801, '2022-07-24 15:14:12', '2022-07-24 15:14:12'),
(116, 10, 140.69926270, -2.48387384, '2022-07-24 15:14:12', '2022-07-24 15:14:12'),
(117, 10, 140.69939842, -2.48292470, '2022-07-24 15:14:12', '2022-07-24 15:14:12'),
(118, 10, 140.69858411, -2.48204335, '2022-07-24 15:14:12', '2022-07-24 15:14:12'),
(119, 10, 140.69783765, -2.48122980, '2022-07-24 15:14:12', '2022-07-24 15:14:12'),
(120, 10, 140.69736263, -2.48116200, '2022-07-24 15:14:12', '2022-07-24 15:14:12'),
(121, 10, 140.69614116, -2.48116200, '2022-07-24 15:14:12', '2022-07-24 15:14:12'),
(122, 10, 140.69525898, -2.48028065, '2022-07-24 15:14:12', '2022-07-24 15:14:12'),
(123, 10, 140.69437681, -2.47892473, '2022-07-24 15:14:12', '2022-07-24 15:14:12'),
(124, 10, 140.69437681, -2.47783999, '2022-07-24 15:14:12', '2022-07-24 15:14:12'),
(125, 10, 140.69240888, -2.47872134, '2022-07-24 15:14:12', '2022-07-24 15:14:12'),
(126, 10, 140.69111954, -2.47912812, '2022-07-24 15:14:12', '2022-07-24 15:14:12'),
(127, 10, 140.69105168, -2.48021286, '2022-07-24 15:14:12', '2022-07-24 15:14:12'),
(128, 10, 140.69078024, -2.48089082, '2022-07-24 15:14:12', '2022-07-24 15:14:12'),
(129, 10, 140.68901589, -2.48095861, '2022-07-24 15:14:12', '2022-07-24 15:14:12'),
(130, 10, 140.68799800, -2.48102641, '2022-07-24 15:14:12', '2022-07-24 15:14:12'),
(131, 10, 140.68731940, -2.48034845, '2022-07-24 15:14:12', '2022-07-24 15:14:12'),
(132, 10, 140.68759084, -2.48082302, '2022-07-24 15:14:12', '2022-07-24 15:14:12'),
(133, 10, 140.68691224, -2.48075522, '2022-07-24 15:14:12', '2022-07-24 15:14:12'),
(134, 10, 140.68616578, -2.48150098, '2022-07-24 15:14:12', '2022-07-24 15:14:12'),
(135, 10, 140.68508003, -2.48394164, '2022-07-24 15:14:12', '2022-07-24 15:14:12'),
(136, 10, 140.68406213, -2.48414503, '2022-07-24 15:14:12', '2022-07-24 15:14:12'),
(137, 10, 140.68297638, -2.48611111, '2022-07-24 15:14:12', '2022-07-24 15:14:12'),
(138, 10, 140.68222992, -2.48814498, '2022-07-24 15:14:12', '2022-07-24 15:14:12'),
(139, 10, 140.68277280, -2.48895853, '2022-07-24 15:14:12', '2022-07-24 15:14:12'),
(140, 10, 140.68216206, -2.49194153, '2022-07-24 15:14:12', '2022-07-24 15:14:12'),
(141, 10, 140.67822620, -2.49533131, '2022-07-24 15:14:12', '2022-07-24 15:14:12'),
(142, 10, 140.67558323, -2.49492453, '2022-07-24 15:14:12', '2022-07-24 15:14:12'),
(143, 10, 140.67015446, -2.49350083, '2022-07-24 15:14:12', '2022-07-24 15:14:12'),
(144, 10, 140.66486140, -2.49221272, '2022-07-24 15:14:12', '2022-07-24 15:14:12'),
(145, 10, 140.65916119, -2.48950089, '2022-07-24 15:14:12', '2022-07-24 15:14:12'),
(146, 10, 140.65169662, -2.48597551, '2022-07-24 15:14:12', '2022-07-24 15:14:12'),
(147, 10, 140.64952511, -2.48292470, '2022-07-24 15:14:12', '2022-07-24 15:14:12'),
(148, 10, 140.64620815, -2.48296972, '2022-07-24 15:14:12', '2022-07-24 15:14:12'),
(149, 11, 141.00652823, -2.61240933, '2022-09-25 20:20:33', '2022-09-25 20:20:33'),
(150, 11, 140.97757623, -2.61088712, '2022-09-25 20:20:33', '2022-09-25 20:20:33'),
(151, 11, 140.98214760, -2.66416325, '2022-09-25 20:20:33', '2022-09-25 20:20:33'),
(152, 11, 140.96690970, -2.71743708, '2022-09-25 20:20:33', '2022-09-25 20:20:33'),
(153, 11, 140.84500655, -2.75548837, '2022-09-25 20:20:33', '2022-09-25 20:20:33'),
(154, 11, 140.81453076, -2.79506043, '2022-09-25 20:20:33', '2022-09-25 20:20:33'),
(155, 11, 140.84043518, -2.80419225, '2022-09-25 20:20:33', '2022-09-25 20:20:33'),
(156, 11, 140.80843560, -2.87724426, '2022-09-25 20:20:33', '2022-09-25 20:20:33'),
(157, 11, 140.81148318, -2.95637865, '2022-09-25 20:20:33', '2022-09-25 20:20:33'),
(158, 11, 140.84043518, -2.99746545, '2022-09-25 20:20:33', '2022-09-25 20:20:33'),
(159, 11, 140.85872065, -2.97463964, '2022-09-25 20:20:33', '2022-09-25 20:20:33'),
(160, 11, 140.88005370, -2.98529174, '2022-09-25 20:20:33', '2022-09-25 20:20:33'),
(161, 11, 140.88767265, -2.97463964, '2022-09-25 20:20:33', '2022-09-25 20:20:33'),
(162, 11, 140.92424360, -2.95485689, '2022-09-25 20:20:33', '2022-09-25 20:20:33'),
(163, 11, 140.94252907, -2.95790041, '2022-09-25 20:20:33', '2022-09-25 20:20:33'),
(164, 11, 140.95929075, -2.98833518, '2022-09-25 20:20:33', '2022-09-25 20:20:33'),
(165, 11, 140.97452865, -2.97159616, '2022-09-25 20:20:33', '2022-09-25 20:20:33'),
(166, 11, 140.98519517, -2.97616137, '2022-09-25 20:20:33', '2022-09-25 20:20:33'),
(167, 11, 141.01156409, -3.22668326, '2022-09-25 20:20:33', '2022-09-25 20:20:33'),
(168, 11, 141.01432069, -3.19314420, '2022-09-25 20:20:33', '2022-09-25 20:20:33'),
(169, 11, 141.01549728, -3.18139654, '2022-09-25 20:20:33', '2022-09-25 20:20:33'),
(170, 11, 141.01109822, -2.87826212, '2022-09-25 20:20:33', '2022-09-25 20:20:33'),
(171, 11, 141.00636272, -2.67750726, '2022-09-25 20:20:33', '2022-09-25 20:20:33'),
(172, 11, 141.00652823, -2.61240933, '2022-09-25 20:20:33', '2022-09-25 20:20:33'),
(173, 12, 141.00652823, -2.61240933, '2022-09-25 20:20:34', '2022-09-25 20:20:34'),
(174, 12, 140.97757623, -2.61088712, '2022-09-25 20:20:34', '2022-09-25 20:20:34'),
(175, 12, 140.98214760, -2.66416325, '2022-09-25 20:20:34', '2022-09-25 20:20:34'),
(176, 12, 140.96690970, -2.71743708, '2022-09-25 20:20:34', '2022-09-25 20:20:34'),
(177, 12, 140.84500655, -2.75548837, '2022-09-25 20:20:34', '2022-09-25 20:20:34'),
(178, 12, 140.81453076, -2.79506043, '2022-09-25 20:20:34', '2022-09-25 20:20:34'),
(179, 12, 140.84043518, -2.80419225, '2022-09-25 20:20:34', '2022-09-25 20:20:34'),
(180, 12, 140.80843560, -2.87724426, '2022-09-25 20:20:34', '2022-09-25 20:20:34'),
(181, 12, 140.81148318, -2.95637865, '2022-09-25 20:20:34', '2022-09-25 20:20:34'),
(182, 12, 140.84043518, -2.99746545, '2022-09-25 20:20:34', '2022-09-25 20:20:34'),
(183, 12, 140.85872065, -2.97463964, '2022-09-25 20:20:34', '2022-09-25 20:20:34'),
(184, 12, 140.88005370, -2.98529174, '2022-09-25 20:20:34', '2022-09-25 20:20:34'),
(185, 12, 140.88767265, -2.97463964, '2022-09-25 20:20:34', '2022-09-25 20:20:34'),
(186, 12, 140.92424360, -2.95485689, '2022-09-25 20:20:34', '2022-09-25 20:20:34'),
(187, 12, 140.94252907, -2.95790041, '2022-09-25 20:20:34', '2022-09-25 20:20:34'),
(188, 12, 140.95929075, -2.98833518, '2022-09-25 20:20:34', '2022-09-25 20:20:34'),
(189, 12, 140.97452865, -2.97159616, '2022-09-25 20:20:34', '2022-09-25 20:20:34'),
(190, 12, 140.98519517, -2.97616137, '2022-09-25 20:20:34', '2022-09-25 20:20:34'),
(191, 12, 141.01156409, -3.22668326, '2022-09-25 20:20:34', '2022-09-25 20:20:34'),
(192, 12, 141.01432069, -3.19314420, '2022-09-25 20:20:34', '2022-09-25 20:20:34'),
(193, 12, 141.01549728, -3.18139654, '2022-09-25 20:20:34', '2022-09-25 20:20:34'),
(194, 12, 141.01109822, -2.87826212, '2022-09-25 20:20:34', '2022-09-25 20:20:34'),
(195, 12, 141.00636272, -2.67750726, '2022-09-25 20:20:34', '2022-09-25 20:20:34'),
(196, 12, 141.00652823, -2.61240933, '2022-09-25 20:20:34', '2022-09-25 20:20:34'),
(197, 13, 140.97357784, -2.60793455, '2022-09-25 20:37:03', '2022-09-25 20:37:03'),
(198, 13, 140.95809841, -2.60484187, '2022-09-25 20:37:03', '2022-09-25 20:37:03'),
(199, 13, 140.94984272, -2.60999633, '2022-09-25 20:37:03', '2022-09-25 20:37:03'),
(200, 13, 140.93333133, -2.61618167, '2022-09-25 20:37:03', '2022-09-25 20:37:03'),
(201, 13, 140.92404367, -2.61102723, '2022-09-25 20:37:03', '2022-09-25 20:37:03'),
(202, 13, 140.91888386, -2.62442873, '2022-09-25 20:37:03', '2022-09-25 20:37:03'),
(203, 13, 140.92817152, -2.63370661, '2022-09-25 20:37:03', '2022-09-25 20:37:03'),
(204, 13, 140.92507563, -2.66050900, '2022-09-25 20:37:03', '2022-09-25 20:37:03'),
(205, 13, 140.92920348, -2.66875577, '2022-09-25 20:37:03', '2022-09-25 20:37:03'),
(206, 13, 140.91681993, -2.67906415, '2022-09-25 20:37:03', '2022-09-25 20:37:03'),
(207, 13, 140.91578797, -2.66772492, '2022-09-25 20:37:03', '2022-09-25 20:37:03'),
(208, 13, 140.90340443, -2.67597164, '2022-09-25 20:37:03', '2022-09-25 20:37:03'),
(209, 13, 140.89205285, -2.66978661, '2022-09-25 20:37:03', '2022-09-25 20:37:03'),
(210, 13, 140.89721266, -2.69246492, '2022-09-25 20:37:03', '2022-09-25 20:37:03'),
(211, 13, 140.88792500, -2.71205039, '2022-09-25 20:37:03', '2022-09-25 20:37:03'),
(212, 13, 140.88482911, -2.69864984, '2022-09-25 20:37:03', '2022-09-25 20:37:03'),
(213, 13, 140.85593418, -2.69761902, '2022-09-25 20:37:03', '2022-09-25 20:37:03'),
(214, 13, 140.84355063, -2.69658820, '2022-09-25 20:37:03', '2022-09-25 20:37:03'),
(215, 13, 140.83219905, -2.72545080, '2022-09-25 20:37:03', '2022-09-25 20:37:03'),
(216, 13, 140.80743196, -2.72545080, '2022-09-25 20:37:03', '2022-09-25 20:37:03'),
(217, 13, 140.80330412, -2.75534347, '2022-09-25 20:37:03', '2022-09-25 20:37:03'),
(218, 13, 140.78369684, -2.77698942, '2022-09-25 20:37:03', '2022-09-25 20:37:03'),
(219, 13, 140.79608038, -2.79657351, '2022-09-25 20:37:03', '2022-09-25 20:37:03'),
(220, 13, 140.81052785, -2.80894224, '2022-09-25 20:37:03', '2022-09-25 20:37:03'),
(221, 13, 140.81775158, -2.82234155, '2022-09-25 20:37:03', '2022-09-25 20:37:03'),
(222, 13, 140.92197974, -2.96663188, '2022-09-25 20:37:03', '2022-09-25 20:37:03'),
(223, 13, 140.93952310, -2.97075419, '2022-09-25 20:37:03', '2022-09-25 20:37:03'),
(224, 13, 140.93952310, -2.98002932, '2022-09-25 20:37:03', '2022-09-25 20:37:03'),
(225, 13, 140.95706645, -2.99136550, '2022-09-25 20:37:03', '2022-09-25 20:37:03'),
(226, 13, 140.96532215, -3.00373210, '2022-09-25 20:37:03', '2022-09-25 20:37:03'),
(227, 13, 140.98596139, -3.01300695, '2022-09-25 20:37:03', '2022-09-25 20:37:03'),
(228, 13, 140.97976962, -2.66669408, '2022-09-25 20:37:03', '2022-09-25 20:37:03'),
(229, 13, 140.97357784, -2.60793455, '2022-09-25 20:37:03', '2022-09-25 20:37:03'),
(230, 14, 140.89965551, -2.61750337, '2022-09-25 20:41:02', '2022-09-25 20:41:02'),
(231, 14, 140.91132106, -2.62054338, '2022-09-25 20:41:02', '2022-09-25 20:41:02'),
(232, 14, 140.91182826, -2.62510338, '2022-09-25 20:41:02', '2022-09-25 20:41:02'),
(233, 14, 140.91943623, -2.62358338, '2022-09-25 20:41:02', '2022-09-25 20:41:02'),
(234, 14, 140.92349381, -2.63118335, '2022-09-25 20:41:02', '2022-09-25 20:41:02'),
(235, 14, 140.92755140, -2.63523665, '2022-09-25 20:41:02', '2022-09-25 20:41:02'),
(236, 14, 140.92501541, -2.66107612, '2022-09-25 20:41:02', '2022-09-25 20:41:02'),
(237, 14, 140.92856579, -2.66867587, '2022-09-25 20:41:02', '2022-09-25 20:41:02'),
(238, 14, 140.91690024, -2.67728885, '2022-09-25 20:41:02', '2022-09-25 20:41:02'),
(239, 14, 140.91690024, -2.66816922, '2022-09-25 20:41:02', '2022-09-25 20:41:02'),
(240, 14, 140.90422029, -2.67475563, '2022-09-25 20:41:02', '2022-09-25 20:41:02'),
(241, 14, 140.89204754, -2.66968916, '2022-09-25 20:41:02', '2022-09-25 20:41:02'),
(242, 14, 140.89610512, -2.69299473, '2022-09-25 20:41:02', '2022-09-25 20:41:02'),
(243, 14, 140.88900435, -2.70920703, '2022-09-25 20:41:02', '2022-09-25 20:41:02'),
(244, 14, 140.88596116, -2.69755446, '2022-09-25 20:41:02', '2022-09-25 20:41:02'),
(245, 14, 140.84437093, -2.69654119, '2022-09-25 20:41:02', '2022-09-25 20:41:02'),
(246, 14, 140.85857247, -2.68083536, '2022-09-25 20:41:02', '2022-09-25 20:41:02'),
(247, 14, 140.86820923, -2.67272904, '2022-09-25 20:41:02', '2022-09-25 20:41:02'),
(248, 14, 140.86415165, -2.66310273, '2022-09-25 20:41:02', '2022-09-25 20:41:02'),
(249, 14, 140.85755807, -2.66512933, '2022-09-25 20:41:02', '2022-09-25 20:41:02'),
(250, 14, 140.86060126, -2.65955617, '2022-09-25 20:41:02', '2022-09-25 20:41:02'),
(251, 14, 140.86871643, -2.66056947, '2022-09-25 20:41:02', '2022-09-25 20:41:02'),
(252, 14, 140.86871643, -2.65448964, '2022-09-25 20:41:02', '2022-09-25 20:41:02'),
(253, 14, 140.86922363, -2.64334321, '2022-09-25 20:41:02', '2022-09-25 20:41:02'),
(254, 14, 140.89407633, -2.64384987, '2022-09-25 20:41:02', '2022-09-25 20:41:02'),
(255, 14, 140.89103314, -2.63878328, '2022-09-25 20:41:02', '2022-09-25 20:41:02'),
(256, 14, 140.90117710, -2.64080992, '2022-09-25 20:41:02', '2022-09-25 20:41:02'),
(257, 14, 140.90117710, -2.63472999, '2022-09-25 20:41:02', '2022-09-25 20:41:02'),
(258, 14, 140.89711952, -2.63219668, '2022-09-25 20:41:02', '2022-09-25 20:41:02'),
(259, 14, 140.89965551, -2.61750337, '2022-09-25 20:41:02', '2022-09-25 20:41:02'),
(260, 15, 140.85739320, -2.66423641, '2022-09-25 20:44:02', '2022-09-25 20:44:02'),
(261, 15, 140.86051871, -2.65877267, '2022-09-25 20:44:02', '2022-09-25 20:44:02'),
(262, 15, 140.86807203, -2.65981338, '2022-09-25 20:44:02', '2022-09-25 20:44:02'),
(263, 15, 140.86937432, -2.64420256, '2022-09-25 20:44:02', '2022-09-25 20:44:02'),
(264, 15, 140.86755111, -2.64186092, '2022-09-25 20:44:02', '2022-09-25 20:44:02'),
(265, 15, 140.85556998, -2.64003964, '2022-09-25 20:44:02', '2022-09-25 20:44:02'),
(266, 15, 140.85739320, -2.63821836, '2022-09-25 20:44:02', '2022-09-25 20:44:02'),
(267, 15, 140.84463069, -2.63535634, '2022-09-25 20:44:02', '2022-09-25 20:44:02'),
(268, 15, 140.83916105, -2.63405542, '2022-09-25 20:44:02', '2022-09-25 20:44:02'),
(269, 15, 140.83681691, -2.63795818, '2022-09-25 20:44:02', '2022-09-25 20:44:02'),
(270, 15, 140.82900314, -2.63535634, '2022-09-25 20:44:02', '2022-09-25 20:44:02'),
(271, 15, 140.82587763, -2.63171377, '2022-09-25 20:44:02', '2022-09-25 20:44:02'),
(272, 15, 140.83082635, -2.62364802, '2022-09-25 20:44:02', '2022-09-25 20:44:02'),
(273, 15, 140.83056589, -2.62078597, '2022-09-25 20:44:02', '2022-09-25 20:44:02'),
(274, 15, 140.81129191, -2.61532203, '2022-09-25 20:44:02', '2022-09-25 20:44:02'),
(275, 15, 140.80321767, -2.60881731, '2022-09-25 20:44:02', '2022-09-25 20:44:02'),
(276, 15, 140.80009216, -2.60231256, '2022-09-25 20:44:02', '2022-09-25 20:44:02'),
(277, 15, 140.79592481, -2.59997085, '2022-09-25 20:44:02', '2022-09-25 20:44:02'),
(278, 15, 140.79149700, -2.59684855, '2022-09-25 20:44:02', '2022-09-25 20:44:02'),
(279, 15, 140.78785057, -2.59502721, '2022-09-25 20:44:02', '2022-09-25 20:44:02'),
(280, 15, 140.78785057, -2.59945046, '2022-09-25 20:44:02', '2022-09-25 20:44:02'),
(281, 15, 140.78264139, -2.60205237, '2022-09-25 20:44:02', '2022-09-25 20:44:02'),
(282, 15, 140.78264139, -2.60543485, '2022-09-25 20:44:02', '2022-09-25 20:44:02'),
(283, 15, 140.78680874, -2.60829694, '2022-09-25 20:44:02', '2022-09-25 20:44:02'),
(284, 15, 140.79097608, -2.61089883, '2022-09-25 20:44:02', '2022-09-25 20:44:02'),
(285, 15, 140.79410160, -2.61688316, '2022-09-25 20:44:02', '2022-09-25 20:44:02'),
(286, 15, 140.79514343, -2.62520913, '2022-09-25 20:44:02', '2022-09-25 20:44:02'),
(287, 15, 140.80269675, -2.62885173, '2022-09-25 20:44:02', '2022-09-25 20:44:02'),
(288, 15, 140.81493834, -2.63171377, '2022-09-25 20:44:02', '2022-09-25 20:44:02'),
(289, 15, 140.81858477, -2.64108037, '2022-09-25 20:44:02', '2022-09-25 20:44:02'),
(290, 15, 140.82483579, -2.64238129, '2022-09-25 20:44:02', '2022-09-25 20:44:02'),
(291, 15, 140.83004497, -2.65304872, '2022-09-25 20:44:02', '2022-09-25 20:44:02'),
(292, 15, 140.84280748, -2.65382926, '2022-09-25 20:44:02', '2022-09-25 20:44:02'),
(293, 15, 140.85739320, -2.66423641, '2022-09-25 20:44:02', '2022-09-25 20:44:02'),
(294, 16, 140.80061308, -2.60257276, '2022-09-25 20:46:27', '2022-09-25 20:46:27'),
(295, 16, 140.80582226, -2.60517466, '2022-09-25 20:46:27', '2022-09-25 20:46:27'),
(296, 16, 140.81415696, -2.60699599, '2022-09-25 20:46:27', '2022-09-25 20:46:27'),
(297, 16, 140.85036080, -2.61063864, '2022-09-25 20:46:27', '2022-09-25 20:46:27'),
(298, 16, 140.87744856, -2.61402109, '2022-09-25 20:46:27', '2022-09-25 20:46:27'),
(299, 16, 140.88812739, -2.61506184, '2022-09-25 20:46:27', '2022-09-25 20:46:27'),
(300, 16, 140.89906668, -2.61818410, '2022-09-25 20:46:27', '2022-09-25 20:46:27'),
(301, 16, 140.89698301, -2.63145358, '2022-09-25 20:46:27', '2022-09-25 20:46:27'),
(302, 16, 140.90062944, -2.63587671, '2022-09-25 20:46:27', '2022-09-25 20:46:27'),
(303, 16, 140.90036898, -2.64003964, '2022-09-25 20:46:27', '2022-09-25 20:46:27'),
(304, 16, 140.89021106, -2.63847855, '2022-09-25 20:46:27', '2022-09-25 20:46:27'),
(305, 16, 140.89359704, -2.64342202, '2022-09-25 20:46:27', '2022-09-25 20:46:27'),
(306, 16, 140.86989524, -2.64290165, '2022-09-25 20:46:27', '2022-09-25 20:46:27'),
(307, 16, 140.87093708, -2.64082019, '2022-09-25 20:46:27', '2022-09-25 20:46:27'),
(308, 16, 140.85687228, -2.63951928, '2022-09-25 20:46:27', '2022-09-25 20:46:27'),
(309, 16, 140.85843503, -2.63769800, '2022-09-25 20:46:27', '2022-09-25 20:46:27'),
(310, 16, 140.83837967, -2.63353506, '2022-09-25 20:46:27', '2022-09-25 20:46:27'),
(311, 16, 140.83707737, -2.63769800, '2022-09-25 20:46:27', '2022-09-25 20:46:27'),
(312, 16, 140.83082635, -2.63561653, '2022-09-25 20:46:27', '2022-09-25 20:46:27'),
(313, 16, 140.82613809, -2.63197395, '2022-09-25 20:46:27', '2022-09-25 20:46:27'),
(314, 16, 140.83082635, -2.62416839, '2022-09-25 20:46:27', '2022-09-25 20:46:27'),
(315, 16, 140.83082635, -2.62052578, '2022-09-25 20:46:27', '2022-09-25 20:46:27'),
(316, 16, 140.81155237, -2.61454147, '2022-09-25 20:46:27', '2022-09-25 20:46:27'),
(317, 16, 140.80295721, -2.60881731, '2022-09-25 20:46:27', '2022-09-25 20:46:27'),
(318, 16, 140.80061308, -2.60257276, '2022-09-25 20:46:27', '2022-09-25 20:46:27'),
(319, 17, 140.78314431, -2.77615721, '2022-09-25 20:49:28', '2022-09-25 20:49:28'),
(320, 17, 140.77689328, -2.77407598, '2022-09-25 20:49:28', '2022-09-25 20:49:28'),
(321, 17, 140.78470706, -2.75482442, '2022-09-25 20:49:28', '2022-09-25 20:49:28'),
(322, 17, 140.77428869, -2.75170252, '2022-09-25 20:49:28', '2022-09-25 20:49:28'),
(323, 17, 140.77585145, -2.73817418, '2022-09-25 20:49:28', '2022-09-25 20:49:28'),
(324, 17, 140.75657746, -2.74285708, '2022-09-25 20:49:28', '2022-09-25 20:49:28'),
(325, 17, 140.75501471, -2.75222284, '2022-09-25 20:49:28', '2022-09-25 20:49:28'),
(326, 17, 140.74042899, -2.75222284, '2022-09-25 20:49:28', '2022-09-25 20:49:28'),
(327, 17, 140.75501471, -2.77823844, '2022-09-25 20:49:28', '2022-09-25 20:49:28'),
(328, 17, 140.74147082, -2.77979936, '2022-09-25 20:49:28', '2022-09-25 20:49:28'),
(329, 17, 140.73365705, -2.76471040, '2022-09-25 20:49:28', '2022-09-25 20:49:28'),
(330, 17, 140.73209429, -2.77667752, '2022-09-25 20:49:28', '2022-09-25 20:49:28'),
(331, 17, 140.72115500, -2.77199475, '2022-09-25 20:49:28', '2022-09-25 20:49:28'),
(332, 17, 140.72740602, -2.75274316, '2022-09-25 20:49:28', '2022-09-25 20:49:28'),
(333, 17, 140.71750857, -2.75170252, '2022-09-25 20:49:28', '2022-09-25 20:49:28'),
(334, 17, 140.70917388, -2.75742600, '2022-09-25 20:49:28', '2022-09-25 20:49:28'),
(335, 17, 140.73626164, -2.73661321, '2022-09-25 20:49:28', '2022-09-25 20:49:28'),
(336, 17, 140.79304176, -2.72880831, '2022-09-25 20:49:28', '2022-09-25 20:49:28'),
(337, 17, 140.80085554, -2.72724733, '2022-09-25 20:49:28', '2022-09-25 20:49:28'),
(338, 17, 140.80502289, -2.71892205, '2022-09-25 20:49:28', '2022-09-25 20:49:28'),
(339, 17, 140.79929278, -2.71059670, '2022-09-25 20:49:28', '2022-09-25 20:49:28'),
(340, 17, 140.80398105, -2.70695435, '2022-09-25 20:49:28', '2022-09-25 20:49:28'),
(341, 17, 140.81127391, -2.71267804, '2022-09-25 20:49:28', '2022-09-25 20:49:28'),
(342, 17, 140.81544126, -2.70435266, '2022-09-25 20:49:28', '2022-09-25 20:49:28'),
(343, 17, 140.81544126, -2.69550687, '2022-09-25 20:49:28', '2022-09-25 20:49:28'),
(344, 17, 140.82690146, -2.70123062, '2022-09-25 20:49:28', '2022-09-25 20:49:28'),
(345, 17, 140.84096626, -2.70279164, '2022-09-25 20:49:28', '2022-09-25 20:49:28'),
(346, 17, 140.83211065, -2.72464569, '2022-09-25 20:49:28', '2022-09-25 20:49:28'),
(347, 17, 140.80502289, -2.72516601, '2022-09-25 20:49:28', '2022-09-25 20:49:28'),
(348, 17, 140.80293921, -2.75586506, '2022-09-25 20:49:28', '2022-09-25 20:49:28'),
(349, 17, 140.78314431, -2.77615721, '2022-09-25 20:49:28', '2022-09-25 20:49:28'),
(350, 18, 140.70578821, -2.58827380, '2022-09-25 20:52:46', '2022-09-25 20:52:46'),
(351, 18, 140.71238359, -2.58652369, '2022-09-25 20:52:46', '2022-09-25 20:52:46'),
(352, 18, 140.71362022, -2.58817085, '2022-09-25 20:52:46', '2022-09-25 20:52:46'),
(353, 18, 140.71238359, -2.58847970, '2022-09-25 20:52:46', '2022-09-25 20:52:46'),
(354, 18, 140.70589126, -2.58981801, '2022-09-25 20:52:46', '2022-09-25 20:52:46'),
(355, 18, 140.70578821, -2.58827380, '2022-09-25 20:52:46', '2022-09-25 20:52:46'),
(356, 19, 140.71341002, -2.58840805, '2022-09-25 20:54:23', '2022-09-25 20:54:23'),
(357, 19, 140.71532017, -2.59005838, '2022-09-25 20:54:23', '2022-09-25 20:54:23'),
(358, 19, 140.71614619, -2.59031625, '2022-09-25 20:54:23', '2022-09-25 20:54:23'),
(359, 19, 140.71681732, -2.59129614, '2022-09-25 20:54:23', '2022-09-25 20:54:23'),
(360, 19, 140.71702382, -2.59165715, '2022-09-25 20:54:23', '2022-09-25 20:54:23'),
(361, 19, 140.71609456, -2.59176029, '2022-09-25 20:54:23', '2022-09-25 20:54:23'),
(362, 19, 140.71609456, -2.59346220, '2022-09-25 20:54:23', '2022-09-25 20:54:23'),
(363, 19, 140.71562993, -2.59361692, '2022-09-25 20:54:23', '2022-09-25 20:54:23'),
(364, 19, 140.71552668, -2.59408107, '2022-09-25 20:54:23', '2022-09-25 20:54:23'),
(365, 19, 140.71470067, -2.59335905, '2022-09-25 20:54:23', '2022-09-25 20:54:23'),
(366, 19, 140.71418441, -2.59294647, '2022-09-25 20:54:23', '2022-09-25 20:54:23'),
(367, 19, 140.71268726, -2.59299804, '2022-09-25 20:54:23', '2022-09-25 20:54:23'),
(368, 19, 140.71335840, -2.59119299, '2022-09-25 20:54:23', '2022-09-25 20:54:23'),
(369, 19, 140.71201613, -2.59134771, '2022-09-25 20:54:23', '2022-09-25 20:54:23'),
(370, 19, 140.71103524, -2.59119299, '2022-09-25 20:54:23', '2022-09-25 20:54:23'),
(371, 19, 140.71180962, -2.59036782, '2022-09-25 20:54:23', '2022-09-25 20:54:23'),
(372, 19, 140.71000272, -2.59114142, '2022-09-25 20:54:23', '2022-09-25 20:54:23'),
(373, 19, 140.70938321, -2.59165715, '2022-09-25 20:54:23', '2022-09-25 20:54:23'),
(374, 19, 140.70731819, -2.59062569, '2022-09-25 20:54:23', '2022-09-25 20:54:23'),
(375, 19, 140.70721493, -2.58974895, '2022-09-25 20:54:23', '2022-09-25 20:54:23'),
(376, 19, 140.71341002, -2.58840805, '2022-09-25 20:54:23', '2022-09-25 20:54:23'),
(377, 20, 140.71222538, -2.59822565, '2022-09-25 20:55:30', '2022-09-25 20:55:30'),
(378, 20, 140.71143192, -2.59854271, '2022-09-25 20:55:30', '2022-09-25 20:55:30'),
(379, 20, 140.71116743, -2.59917683, '2022-09-25 20:55:30', '2022-09-25 20:55:30'),
(380, 20, 140.71058555, -2.60055075, '2022-09-25 20:55:30', '2022-09-25 20:55:30'),
(381, 20, 140.71132612, -2.60176615, '2022-09-25 20:55:30', '2022-09-25 20:55:30'),
(382, 20, 140.71196089, -2.60213605, '2022-09-25 20:55:30', '2022-09-25 20:55:30'),
(383, 20, 140.71111453, -2.60261164, '2022-09-25 20:55:30', '2022-09-25 20:55:30'),
(384, 20, 140.71211959, -2.60398556, '2022-09-25 20:55:30', '2022-09-25 20:55:30'),
(385, 20, 140.71286016, -2.60440831, '2022-09-25 20:55:30', '2022-09-25 20:55:30'),
(386, 20, 140.71291305, -2.60361566, '2022-09-25 20:55:30', '2022-09-25 20:55:30'),
(387, 20, 140.71375942, -2.60403841, '2022-09-25 20:55:30', '2022-09-25 20:55:30'),
(388, 20, 140.71518766, -2.60430262, '2022-09-25 20:55:30', '2022-09-25 20:55:30'),
(389, 20, 140.71725067, -2.60588791, '2022-09-25 20:55:30', '2022-09-25 20:55:30'),
(390, 20, 140.71952527, -2.60657487, '2022-09-25 20:55:30', '2022-09-25 20:55:30'),
(391, 20, 140.72047743, -2.60678625, '2022-09-25 20:55:30', '2022-09-25 20:55:30'),
(392, 20, 140.72280493, -2.60942840, '2022-09-25 20:55:30', '2022-09-25 20:55:30'),
(393, 20, 140.72349261, -2.61238759, '2022-09-25 20:55:30', '2022-09-25 20:55:30'),
(394, 20, 140.72529113, -2.61392003, '2022-09-25 20:55:30', '2022-09-25 20:55:30'),
(395, 20, 140.72804181, -2.61392003, '2022-09-25 20:55:30', '2022-09-25 20:55:30'),
(396, 20, 140.71222538, -2.59822565, '2022-09-25 20:55:30', '2022-09-25 20:55:30'),
(412, 22, 140.70595176, -2.59018670, '2022-09-25 20:59:16', '2022-09-25 20:59:16'),
(413, 22, 140.69005450, -2.59336290, '2022-09-25 20:59:16', '2022-09-25 20:59:16'),
(414, 22, 140.68722832, -2.59759782, '2022-09-25 20:59:16', '2022-09-25 20:59:16'),
(415, 22, 140.68475541, -2.59918592, '2022-09-25 20:59:16', '2022-09-25 20:59:16'),
(416, 22, 140.68387223, -2.60200919, '2022-09-25 20:59:16', '2022-09-25 20:59:16'),
(417, 22, 140.68510869, -2.60500890, '2022-09-25 20:59:16', '2022-09-25 20:59:16'),
(418, 22, 140.68917132, -2.60642053, '2022-09-25 20:59:16', '2022-09-25 20:59:16'),
(419, 22, 140.68722832, -2.61206703, '2022-09-25 20:59:16', '2022-09-25 20:59:16'),
(420, 22, 140.68510869, -2.61259639, '2022-09-25 20:59:16', '2022-09-25 20:59:16'),
(421, 22, 140.68316569, -2.61541963, '2022-09-25 20:59:16', '2022-09-25 20:59:16'),
(422, 22, 140.68652178, -2.61788996, '2022-09-25 20:59:16', '2022-09-25 20:59:16'),
(423, 22, 140.69217414, -2.61930157, '2022-09-25 20:59:16', '2022-09-25 20:59:16'),
(424, 22, 140.69464704, -2.62088964, '2022-09-25 20:59:16', '2022-09-25 20:59:16'),
(425, 22, 140.69376386, -2.62318350, '2022-09-25 20:59:16', '2022-09-25 20:59:16'),
(426, 22, 140.69606013, -2.62459511, '2022-09-25 20:59:16', '2022-09-25 20:59:16'),
(427, 22, 140.70436204, -2.62794767, '2022-09-25 20:59:16', '2022-09-25 20:59:16'),
(428, 22, 140.71072094, -2.62741832, '2022-09-25 20:59:16', '2022-09-25 20:59:16'),
(429, 22, 140.71284058, -2.63024153, '2022-09-25 20:59:16', '2022-09-25 20:59:16'),
(430, 22, 140.71884621, -2.63182958, '2022-09-25 20:59:16', '2022-09-25 20:59:16'),
(431, 22, 140.72644157, -2.63553502, '2022-09-25 20:59:16', '2022-09-25 20:59:16'),
(432, 22, 140.73032756, -2.63447633, '2022-09-25 20:59:16', '2022-09-25 20:59:16'),
(433, 22, 140.73951265, -2.63341763, '2022-09-25 20:59:16', '2022-09-25 20:59:16'),
(434, 22, 140.74357528, -2.62988863, '2022-09-25 20:59:16', '2022-09-25 20:59:16'),
(435, 22, 140.74498837, -2.62512446, '2022-09-25 20:59:16', '2022-09-25 20:59:16'),
(436, 22, 140.72820793, -2.61418446, '2022-09-25 20:59:16', '2022-09-25 20:59:16'),
(437, 22, 140.72485184, -2.61400801, '2022-09-25 20:59:16', '2022-09-25 20:59:16'),
(438, 22, 140.72273221, -2.60959669, '2022-09-25 20:59:16', '2022-09-25 20:59:16'),
(439, 22, 140.71972939, -2.60694989, '2022-09-25 20:59:16', '2022-09-25 20:59:16'),
(440, 22, 140.71372376, -2.60483245, '2022-09-25 20:59:16', '2022-09-25 20:59:16'),
(441, 22, 140.71178076, -2.60518536, '2022-09-25 20:59:16', '2022-09-25 20:59:16'),
(442, 22, 140.71054431, -2.60236209, '2022-09-25 20:59:16', '2022-09-25 20:59:16'),
(443, 22, 140.70930785, -2.60006819, '2022-09-25 20:59:16', '2022-09-25 20:59:16'),
(444, 22, 140.71107421, -2.59777428, '2022-09-25 20:59:16', '2022-09-25 20:59:16'),
(445, 22, 140.71248730, -2.59759782, '2022-09-25 20:59:16', '2022-09-25 20:59:16'),
(446, 22, 140.71337049, -2.59371581, '2022-09-25 20:59:16', '2022-09-25 20:59:16'),
(447, 22, 140.71231067, -2.59177480, '2022-09-25 20:59:16', '2022-09-25 20:59:16'),
(448, 22, 140.71001440, -2.59265708, '2022-09-25 20:59:16', '2022-09-25 20:59:16'),
(449, 22, 140.70595176, -2.59018670, '2022-09-25 20:59:16', '2022-09-25 20:59:16'),
(450, 23, 140.63536466, -2.60269004, '2022-09-25 21:02:48', '2022-09-25 21:02:48'),
(451, 23, 140.64070604, -2.60446866, '2022-09-25 21:02:48', '2022-09-25 21:02:48'),
(452, 23, 140.64228867, -2.60703778, '2022-09-25 21:02:48', '2022-09-25 21:02:48'),
(453, 23, 140.64466262, -2.60960689, '2022-09-25 21:02:48', '2022-09-25 21:02:48'),
(454, 23, 140.64881702, -2.61257124, '2022-09-25 21:02:48', '2022-09-25 21:02:48'),
(455, 23, 140.65574104, -2.61197837, '2022-09-25 21:02:48', '2022-09-25 21:02:48'),
(456, 23, 140.65890630, -2.61415223, '2022-09-25 21:02:48', '2022-09-25 21:02:48'),
(457, 23, 140.66325853, -2.61612845, '2022-09-25 21:02:48', '2022-09-25 21:02:48'),
(458, 23, 140.66681945, -2.61929041, '2022-09-25 21:02:48', '2022-09-25 21:02:48'),
(459, 23, 140.67196300, -2.62106901, '2022-09-25 21:02:48', '2022-09-25 21:02:48'),
(460, 23, 140.67611741, -2.62423096, '2022-09-25 21:02:48', '2022-09-25 21:02:48'),
(461, 23, 140.67987616, -2.62185950, '2022-09-25 21:02:48', '2022-09-25 21:02:48'),
(462, 23, 140.68541537, -2.62363810, '2022-09-25 21:02:48', '2022-09-25 21:02:48'),
(463, 23, 140.68858063, -2.62640479, '2022-09-25 21:02:48', '2022-09-25 21:02:48'),
(464, 23, 140.69680105, -2.63137585, '2022-09-25 21:02:48', '2022-09-25 21:02:48'),
(465, 23, 140.68757746, -2.63685368, '2022-09-25 21:02:48', '2022-09-25 21:02:48'),
(466, 23, 140.67876376, -2.63421237, '2022-09-25 21:02:48', '2022-09-25 21:02:48'),
(467, 23, 140.67141901, -2.62628840, '2022-09-25 21:02:48', '2022-09-25 21:02:48'),
(468, 23, 140.66436805, -2.62540795, '2022-09-25 21:02:48', '2022-09-25 21:02:48'),
(469, 23, 140.64997233, -2.62217965, '2022-09-25 21:02:48', '2022-09-25 21:02:48'),
(470, 23, 140.65026612, -2.61953830, '2022-09-25 21:02:48', '2022-09-25 21:02:48'),
(471, 23, 140.64409653, -2.61249469, '2022-09-25 21:02:48', '2022-09-25 21:02:48'),
(472, 23, 140.64027726, -2.60897287, '2022-09-25 21:02:48', '2022-09-25 21:02:48'),
(473, 23, 140.63498904, -2.60662498, '2022-09-25 21:02:48', '2022-09-25 21:02:48'),
(474, 23, 140.63536466, -2.60269004, '2022-09-25 21:02:48', '2022-09-25 21:02:48'),
(475, 24, 140.75720570, -2.62892973, '2022-09-25 21:05:11', '2022-09-25 21:05:11'),
(476, 24, 140.76455045, -2.62892973, '2022-09-25 21:05:11', '2022-09-25 21:05:11'),
(477, 24, 140.76366908, -2.63421237, '2022-09-25 21:05:11', '2022-09-25 21:05:11'),
(478, 24, 140.76249392, -2.64272325, '2022-09-25 21:05:11', '2022-09-25 21:05:11'),
(479, 24, 140.76249392, -2.65064712, '2022-09-25 21:05:11', '2022-09-25 21:05:11'),
(480, 24, 140.76455045, -2.65681009, '2022-09-25 21:05:11', '2022-09-25 21:05:11'),
(481, 24, 140.75926223, -2.65681009, '2022-09-25 21:05:11', '2022-09-25 21:05:11'),
(482, 24, 140.75456159, -2.65416882, '2022-09-25 21:05:11', '2022-09-25 21:05:11'),
(483, 24, 140.75074232, -2.65123407, '2022-09-25 21:05:11', '2022-09-25 21:05:11'),
(484, 24, 140.74310378, -2.65123407, '2022-09-25 21:05:11', '2022-09-25 21:05:11'),
(485, 24, 140.73987209, -2.64419064, '2022-09-25 21:05:11', '2022-09-25 21:05:11'),
(486, 24, 140.74222241, -2.63920151, '2022-09-25 21:05:11', '2022-09-25 21:05:11'),
(487, 24, 140.74956716, -2.63333193, '2022-09-25 21:05:11', '2022-09-25 21:05:11'),
(488, 24, 140.75603054, -2.63333193, '2022-09-25 21:05:11', '2022-09-25 21:05:11'),
(489, 24, 140.75720570, -2.62892973, '2022-09-25 21:05:11', '2022-09-25 21:05:11'),
(490, 25, 140.66992297, -2.62655913, '2022-09-25 21:07:53', '2022-09-25 21:07:53'),
(491, 25, 140.67826168, -2.63488904, '2022-09-25 21:07:53', '2022-09-25 21:07:53'),
(492, 25, 140.68709089, -2.63684901, '2022-09-25 21:07:53', '2022-09-25 21:07:53'),
(493, 25, 140.70082523, -2.63292907, '2022-09-25 21:07:53', '2022-09-25 21:07:53'),
(494, 25, 140.72535082, -2.64419888, '2022-09-25 21:07:53', '2022-09-25 21:07:53'),
(495, 25, 140.72878441, -2.65448862, '2022-09-25 21:07:53', '2022-09-25 21:07:53'),
(496, 25, 140.73418004, -2.64566885, '2022-09-25 21:07:53', '2022-09-25 21:07:53'),
(497, 25, 140.74300925, -2.65448862, '2022-09-25 21:07:53', '2022-09-25 21:07:53'),
(498, 25, 140.73565157, -2.65693854, '2022-09-25 21:07:53', '2022-09-25 21:07:53'),
(499, 25, 140.73516106, -2.66477827, '2022-09-25 21:07:53', '2022-09-25 21:07:53'),
(500, 25, 140.72682236, -2.66869812, '2022-09-25 21:07:53', '2022-09-25 21:07:53'),
(501, 25, 140.73418004, -2.67996761, '2022-09-25 21:07:53', '2022-09-25 21:07:53'),
(502, 25, 140.73123697, -2.68829716, '2022-09-25 21:07:53', '2022-09-25 21:07:53'),
(503, 25, 140.73908516, -2.69907650, '2022-09-25 21:07:53', '2022-09-25 21:07:53'),
(504, 25, 140.73418004, -2.70789589, '2022-09-25 21:07:53', '2022-09-25 21:07:53'),
(505, 25, 140.74202823, -2.71475537, '2022-09-25 21:07:53', '2022-09-25 21:07:53'),
(506, 25, 140.72927492, -2.72112485, '2022-09-25 21:07:53', '2022-09-25 21:07:53'),
(507, 25, 140.73074645, -2.72602443, '2022-09-25 21:07:53', '2022-09-25 21:07:53'),
(508, 25, 140.71505007, -2.74268285, '2022-09-25 21:07:53', '2022-09-25 21:07:53'),
(509, 25, 140.69788215, -2.75199186, '2022-09-25 21:07:53', '2022-09-25 21:07:53'),
(510, 25, 140.69641062, -2.76228069, '2022-09-25 21:07:53', '2022-09-25 21:07:53'),
(511, 25, 140.67777117, -2.77550905, '2022-09-25 21:07:53', '2022-09-25 21:07:53'),
(512, 25, 140.66403683, -2.77795873, '2022-09-25 21:07:53', '2022-09-25 21:07:53'),
(513, 25, 140.65864120, -2.78334801, '2022-09-25 21:07:53', '2022-09-25 21:07:53'),
(514, 25, 140.64049226, -2.77844866, '2022-09-25 21:07:53', '2022-09-25 21:07:53'),
(515, 25, 140.62577690, -2.77011973, '2022-09-25 21:07:53', '2022-09-25 21:07:53'),
(516, 25, 140.61596666, -2.77697886, '2022-09-25 21:07:53', '2022-09-25 21:07:53'),
(517, 25, 140.60321335, -2.77256942, '2022-09-25 21:07:53', '2022-09-25 21:07:53'),
(518, 25, 140.60471454, -2.75085935, '2022-09-25 21:07:53', '2022-09-25 21:07:53'),
(519, 25, 140.64521246, -2.73627028, '2022-09-25 21:07:53', '2022-09-25 21:07:53'),
(520, 25, 140.65251536, -2.74953308, '2022-09-25 21:07:53', '2022-09-25 21:07:53'),
(521, 25, 140.65782656, -2.75948007, '2022-09-25 21:07:53', '2022-09-25 21:07:53'),
(522, 25, 140.68239088, -2.74024914, '2022-09-25 21:07:53', '2022-09-25 21:07:53'),
(523, 25, 140.69965228, -2.71836528, '2022-09-25 21:07:53', '2022-09-25 21:07:53'),
(524, 25, 140.70230788, -2.69250203, '2022-09-25 21:07:53', '2022-09-25 21:07:53'),
(525, 25, 140.70031618, -2.67194366, '2022-09-25 21:07:53', '2022-09-25 21:07:53'),
(526, 25, 140.69434108, -2.66199595, '2022-09-25 21:07:53', '2022-09-25 21:07:53'),
(527, 25, 140.67973527, -2.66133276, '2022-09-25 21:07:53', '2022-09-25 21:07:53'),
(528, 25, 140.67376017, -2.64276346, '2022-09-25 21:07:53', '2022-09-25 21:07:53'),
(529, 25, 140.66992297, -2.62655913, '2022-09-25 21:07:53', '2022-09-25 21:07:53'),
(530, 26, 140.59976125, -2.77195724, '2022-09-25 21:10:03', '2022-09-25 21:10:03'),
(531, 26, 140.60241686, -2.75272650, '2022-09-25 21:10:03', '2022-09-25 21:10:03'),
(532, 26, 140.60507246, -2.73482174, '2022-09-25 21:10:03', '2022-09-25 21:10:03'),
(533, 26, 140.59179445, -2.74145316, '2022-09-25 21:10:03', '2022-09-25 21:10:03'),
(534, 26, 140.58714715, -2.72819028, '2022-09-25 21:10:03', '2022-09-25 21:10:03'),
(535, 26, 140.57386914, -2.74808455, '2022-09-25 21:10:03', '2022-09-25 21:10:03'),
(536, 26, 140.54864093, -2.73946374, '2022-09-25 21:10:03', '2022-09-25 21:10:03'),
(537, 26, 140.55594383, -2.72752713, '2022-09-25 21:10:03', '2022-09-25 21:10:03'),
(538, 26, 140.55527993, -2.71360094, '2022-09-25 21:10:03', '2022-09-25 21:10:03'),
(539, 26, 140.53669073, -2.72155878, '2022-09-25 21:10:03', '2022-09-25 21:10:03'),
(540, 26, 140.53669073, -2.73614803, '2022-09-25 21:10:03', '2022-09-25 21:10:03'),
(541, 26, 140.47893140, -2.73482174, '2022-09-25 21:10:03', '2022-09-25 21:10:03'),
(542, 26, 140.49752061, -2.75935782, '2022-09-25 21:10:03', '2022-09-25 21:10:03'),
(543, 26, 140.50415961, -2.77460973, '2022-09-25 21:10:03', '2022-09-25 21:10:03'),
(544, 26, 140.51544592, -2.77460973, '2022-09-25 21:10:03', '2022-09-25 21:10:03'),
(545, 26, 140.53403512, -2.77195724, '2022-09-25 21:10:03', '2022-09-25 21:10:03'),
(546, 26, 140.55395213, -2.77527285, '2022-09-25 21:10:03', '2022-09-25 21:10:03'),
(547, 26, 140.57121354, -2.77460973, '2022-09-25 21:10:03', '2022-09-25 21:10:03'),
(548, 26, 140.58329527, -2.76864161, '2022-09-25 21:10:03', '2022-09-25 21:10:03'),
(549, 26, 140.59192597, -2.76996786, '2022-09-25 21:10:03', '2022-09-25 21:10:03'),
(550, 26, 140.59976125, -2.77195724, '2022-09-25 21:10:03', '2022-09-25 21:10:03'),
(551, 27, 140.47839902, -2.73349545, '2022-09-25 21:10:53', '2022-09-25 21:10:53'),
(552, 27, 140.47574342, -2.71360094, '2022-09-25 21:10:53', '2022-09-25 21:10:53'),
(553, 27, 140.48437412, -2.70696936, '2022-09-25 21:10:53', '2022-09-25 21:10:53'),
(554, 27, 140.50886680, -2.70787743, '2022-09-25 21:10:53', '2022-09-25 21:10:53'),
(555, 27, 140.52413651, -2.70058265, '2022-09-25 21:10:53', '2022-09-25 21:10:53'),
(556, 27, 140.52081701, -2.71716162, '2022-09-25 21:10:53', '2022-09-25 21:10:53'),
(557, 27, 140.52081701, -2.72843518, '2022-09-25 21:10:53', '2022-09-25 21:10:53'),
(558, 27, 140.52413651, -2.73639293, '2022-09-25 21:10:53', '2022-09-25 21:10:53'),
(559, 27, 140.53608672, -2.73572978, '2022-09-25 21:10:53', '2022-09-25 21:10:53'),
(560, 27, 140.53608672, -2.72445629, '2022-09-25 21:10:53', '2022-09-25 21:10:53'),
(561, 27, 140.53077551, -2.72246684, '2022-09-25 21:10:53', '2022-09-25 21:10:53'),
(562, 27, 140.52745601, -2.72710888, '2022-09-25 21:10:53', '2022-09-25 21:10:53'),
(563, 27, 140.52546431, -2.73440349, '2022-09-25 21:10:53', '2022-09-25 21:10:53'),
(564, 27, 140.47839902, -2.73349545, '2022-09-25 21:10:53', '2022-09-25 21:10:53'),
(565, 28, 140.55533982, -2.71318269, '2022-09-25 21:12:46', '2022-09-25 21:12:46'),
(566, 28, 140.55600373, -2.73042462, '2022-09-25 21:12:46', '2022-09-25 21:12:46'),
(567, 28, 140.55135642, -2.73838235, '2022-09-25 21:12:46', '2022-09-25 21:12:46'),
(568, 28, 140.57459293, -2.74634003, '2022-09-25 21:12:46', '2022-09-25 21:12:46'),
(569, 28, 140.58587924, -2.72777203, '2022-09-25 21:12:46', '2022-09-25 21:12:46'),
(570, 28, 140.59119044, -2.74037178, '2022-09-25 21:12:46', '2022-09-25 21:12:46'),
(571, 28, 140.60778795, -2.73374035, '2022-09-25 21:12:46', '2022-09-25 21:12:46'),
(572, 28, 140.60579625, -2.74766631, '2022-09-25 21:12:46', '2022-09-25 21:12:46'),
(573, 28, 140.64031906, -2.73440349, '2022-09-25 21:12:46', '2022-09-25 21:12:46'),
(574, 28, 140.64828587, -2.73108777, '2022-09-25 21:12:46', '2022-09-25 21:12:46'),
(575, 28, 140.65824437, -2.75562393, '2022-09-25 21:12:46', '2022-09-25 21:12:46'),
(576, 28, 140.68214478, -2.73705607, '2022-09-25 21:12:46', '2022-09-25 21:12:46'),
(577, 28, 140.69807839, -2.71716162, '2022-09-25 21:12:46', '2022-09-25 21:12:46'),
(578, 28, 140.69874229, -2.67140314, '2022-09-25 21:12:46', '2022-09-25 21:12:46'),
(579, 28, 140.69276719, -2.66211860, '2022-09-25 21:12:46', '2022-09-25 21:12:46'),
(580, 28, 140.68081698, -2.66145541, '2022-09-25 21:12:46', '2022-09-25 21:12:46'),
(581, 28, 140.67550578, -2.65217080, '2022-09-25 21:12:46', '2022-09-25 21:12:46'),
(582, 28, 140.66886678, -2.62696936, '2022-09-25 21:12:46', '2022-09-25 21:12:46'),
(583, 28, 140.65293317, -2.62431654, '2022-09-25 21:12:46', '2022-09-25 21:12:46'),
(584, 28, 140.64695807, -2.61901090, '2022-09-25 21:12:46', '2022-09-25 21:12:46'),
(585, 28, 140.64031906, -2.61038918, '2022-09-25 21:12:46', '2022-09-25 21:12:46'),
(586, 28, 140.63567176, -2.60839954, '2022-09-25 21:12:46', '2022-09-25 21:12:46'),
(587, 28, 140.63036056, -2.60574669, '2022-09-25 21:12:46', '2022-09-25 21:12:46'),
(588, 28, 140.61774645, -2.61171560, '2022-09-25 21:12:46', '2022-09-25 21:12:46'),
(589, 28, 140.61509085, -2.62962216, '2022-09-25 21:12:46', '2022-09-25 21:12:46'),
(590, 28, 140.61110745, -2.63492776, '2022-09-25 21:12:46', '2022-09-25 21:12:46'),
(591, 28, 140.60513235, -2.64620208, '2022-09-25 21:12:46', '2022-09-25 21:12:46'),
(592, 28, 140.60513235, -2.65614993, '2022-09-25 21:12:46', '2022-09-25 21:12:46'),
(593, 28, 140.59450994, -2.65614993, '2022-09-25 21:12:46', '2022-09-25 21:12:46'),
(594, 28, 140.58720704, -2.66875042, '2022-09-25 21:12:46', '2022-09-25 21:12:46'),
(595, 28, 140.55533982, -2.71318269, '2022-09-25 21:12:46', '2022-09-25 21:12:46'),
(596, 29, 140.63903672, -2.54253178, '2022-09-25 21:13:46', '2022-09-25 21:13:46'),
(597, 29, 140.64024213, -2.55312887, '2022-09-25 21:13:46', '2022-09-25 21:13:46'),
(598, 29, 140.64578699, -2.54879371, '2022-09-25 21:13:46', '2022-09-25 21:13:46'),
(599, 29, 140.63903672, -2.54253178, '2022-09-25 21:13:46', '2022-09-25 21:13:46'),
(600, 30, 140.71067517, -2.75366814, '2022-09-25 21:19:07', '2022-09-25 21:19:07'),
(601, 30, 140.73473132, -2.73698165, '2022-09-25 21:19:07', '2022-09-25 21:19:07'),
(602, 30, 140.80021749, -2.72696965, '2022-09-25 21:19:07', '2022-09-25 21:19:07'),
(603, 30, 140.80422685, -2.71962746, '2022-09-25 21:19:07', '2022-09-25 21:19:07'),
(604, 30, 140.79754459, -2.71095027, '2022-09-25 21:19:07', '2022-09-25 21:19:07'),
(605, 30, 140.80355862, -2.70427547, '2022-09-25 21:19:07', '2022-09-25 21:19:07'),
(606, 30, 140.81090911, -2.71095027, '2022-09-25 21:19:07', '2022-09-25 21:19:07'),
(607, 30, 140.81491847, -2.70427547, '2022-09-25 21:19:07', '2022-09-25 21:19:07'),
(608, 30, 140.81291379, -2.69159325, '2022-09-25 21:19:07', '2022-09-25 21:19:07'),
(609, 30, 140.82427364, -2.69960309, '2022-09-25 21:19:07', '2022-09-25 21:19:07'),
(610, 30, 140.83964284, -2.70093806, '2022-09-25 21:19:07', '2022-09-25 21:19:07'),
(611, 30, 140.84231575, -2.69559817, '2022-09-25 21:19:07', '2022-09-25 21:19:07'),
(612, 30, 140.86704012, -2.67290341, '2022-09-25 21:19:07', '2022-09-25 21:19:07'),
(613, 30, 140.86236254, -2.66422589, '2022-09-25 21:19:07', '2022-09-25 21:19:07'),
(614, 30, 140.85768495, -2.66556089, '2022-09-25 21:19:07', '2022-09-25 21:19:07'),
(615, 30, 140.84298398, -2.65688332, '2022-09-25 21:19:07', '2022-09-25 21:19:07'),
(616, 30, 140.83028768, -2.65621581, '2022-09-25 21:19:07', '2022-09-25 21:19:07'),
(617, 30, 140.82561009, -2.64687066, '2022-09-25 21:19:07', '2022-09-25 21:19:07'),
(618, 30, 140.81358202, -2.64086303, '2022-09-25 21:19:07', '2022-09-25 21:19:07'),
(619, 30, 140.81425025, -2.63085024, '2022-09-25 21:19:07', '2022-09-25 21:19:07'),
(620, 30, 140.80021749, -2.62684510, '2022-09-25 21:19:07', '2022-09-25 21:19:07'),
(621, 30, 140.79219878, -2.62150489, '2022-09-25 21:19:07', '2022-09-25 21:19:07'),
(622, 30, 140.78484829, -2.62350747, '2022-09-25 21:19:07', '2022-09-25 21:19:07'),
(623, 30, 140.78017070, -2.62484252, '2022-09-25 21:19:07', '2022-09-25 21:19:07'),
(624, 30, 140.76881086, -2.63018271, '2022-09-25 21:19:07', '2022-09-25 21:19:07'),
(625, 30, 140.76413327, -2.63218528, '2022-09-25 21:19:07', '2022-09-25 21:19:07'),
(626, 30, 140.76413327, -2.64219806, '2022-09-25 21:19:07', '2022-09-25 21:19:07'),
(627, 30, 140.76413327, -2.65287827, '2022-09-25 21:19:07', '2022-09-25 21:19:07'),
(628, 30, 140.76747441, -2.65888584, '2022-09-25 21:19:07', '2022-09-25 21:19:07'),
(629, 30, 140.75678279, -2.65621581, '2022-09-25 21:19:07', '2022-09-25 21:19:07'),
(630, 30, 140.74876407, -2.64954071, '2022-09-25 21:19:07', '2022-09-25 21:19:07'),
(631, 30, 140.73874068, -2.64620315, '2022-09-25 21:19:07', '2022-09-25 21:19:07'),
(632, 30, 140.73807245, -2.63886047, '2022-09-25 21:19:07', '2022-09-25 21:19:07'),
(633, 30, 140.74542294, -2.63418784, '2022-09-25 21:19:07', '2022-09-25 21:19:07'),
(634, 30, 140.75477811, -2.63285280, '2022-09-25 21:19:07', '2022-09-25 21:19:07'),
(635, 30, 140.75477811, -2.62684510, '2022-09-25 21:19:07', '2022-09-25 21:19:07'),
(636, 30, 140.74742762, -2.62551005, '2022-09-25 21:19:07', '2022-09-25 21:19:07'),
(637, 30, 140.74275003, -2.63151776, '2022-09-25 21:19:07', '2022-09-25 21:19:07'),
(638, 30, 140.73339487, -2.63552288, '2022-09-25 21:19:07', '2022-09-25 21:19:07'),
(639, 30, 140.72136679, -2.63485536, '2022-09-25 21:19:07', '2022-09-25 21:19:07'),
(640, 30, 140.71334808, -2.63085024, '2022-09-25 21:19:07', '2022-09-25 21:19:07'),
(641, 30, 140.70666581, -2.62884767, '2022-09-25 21:19:07', '2022-09-25 21:19:07'),
(642, 30, 140.69330129, -2.62417500, '2022-09-25 21:19:07', '2022-09-25 21:19:07'),
(643, 30, 140.68862370, -2.61883478, '2022-09-25 21:19:07', '2022-09-25 21:19:07'),
(644, 30, 140.67592741, -2.61282701, '2022-09-25 21:19:07', '2022-09-25 21:19:07'),
(645, 30, 140.68528257, -2.61082442, '2022-09-25 21:19:07', '2022-09-25 21:19:07'),
(646, 30, 140.68260967, -2.60281400, '2022-09-25 21:19:07', '2022-09-25 21:19:07'),
(647, 30, 140.68194144, -2.59547107, '2022-09-25 21:19:07', '2022-09-25 21:19:07'),
(648, 30, 140.68394612, -2.59013074, '2022-09-25 21:19:07', '2022-09-25 21:19:07'),
(649, 30, 140.69129661, -2.59213336, '2022-09-25 21:19:07', '2022-09-25 21:19:07'),
(650, 30, 140.71134340, -2.58679301, '2022-09-25 21:19:07', '2022-09-25 21:19:07'),
(651, 30, 140.70867049, -2.56743405, '2022-09-25 21:19:07', '2022-09-25 21:19:07'),
(652, 30, 140.71668921, -2.56209360, '2022-09-25 21:19:07', '2022-09-25 21:19:07'),
(653, 30, 140.71735743, -2.55541799, '2022-09-25 21:19:07', '2022-09-25 21:19:07');
INSERT INTO `koordinat_det` (`id`, `koordinat_id`, `longitude`, `latitude`, `created_at`, `updated_at`) VALUES
(654, 30, 140.71535276, -2.54673966, '2022-09-25 21:19:07', '2022-09-25 21:19:07'),
(655, 30, 140.71267985, -2.53939641, '2022-09-25 21:19:07', '2022-09-25 21:19:07'),
(656, 30, 140.71936211, -2.53806127, '2022-09-25 21:19:07', '2022-09-25 21:19:07'),
(657, 30, 140.72604438, -2.53939641, '2022-09-25 21:19:07', '2022-09-25 21:19:07'),
(658, 30, 140.72537615, -2.52738010, '2022-09-25 21:19:07', '2022-09-25 21:19:07'),
(659, 30, 140.72938551, -2.52070432, '2022-09-25 21:19:07', '2022-09-25 21:19:07'),
(660, 30, 140.74408649, -2.54073155, '2022-09-25 21:19:07', '2022-09-25 21:19:07'),
(661, 30, 140.74742762, -2.53539099, '2022-09-25 21:19:07', '2022-09-25 21:19:07'),
(662, 30, 140.74141358, -2.52537736, '2022-09-25 21:19:07', '2022-09-25 21:19:07'),
(663, 30, 140.73874068, -2.51336092, '2022-09-25 21:19:07', '2022-09-25 21:19:07'),
(664, 30, 140.73072196, -2.50735265, '2022-09-25 21:19:07', '2022-09-25 21:19:07'),
(665, 30, 140.72171994, -2.49516710, '2022-09-25 21:19:07', '2022-09-25 21:19:07'),
(666, 30, 140.71182839, -2.49352007, '2022-09-25 21:19:07', '2022-09-25 21:19:07'),
(667, 30, 140.70440974, -2.49763764, '2022-09-25 21:19:07', '2022-09-25 21:19:07'),
(668, 30, 140.69946397, -2.50422572, '2022-09-25 21:19:07', '2022-09-25 21:19:07'),
(669, 30, 140.70688262, -2.51410778, '2022-09-25 21:19:07', '2022-09-25 21:19:07'),
(670, 30, 140.69893019, -2.51862791, '2022-09-25 21:19:07', '2022-09-25 21:19:07'),
(671, 30, 140.70232732, -2.53026391, '2022-09-25 21:19:07', '2022-09-25 21:19:07'),
(672, 30, 140.70184201, -2.53244564, '2022-09-25 21:19:07', '2022-09-25 21:19:07'),
(673, 30, 140.69504775, -2.52905183, '2022-09-25 21:19:07', '2022-09-25 21:19:07'),
(674, 30, 140.68970941, -2.53583945, '2022-09-25 21:19:07', '2022-09-25 21:19:07'),
(675, 30, 140.69213593, -2.54311187, '2022-09-25 21:19:07', '2022-09-25 21:19:07'),
(676, 30, 140.68679758, -2.54408152, '2022-09-25 21:19:07', '2022-09-25 21:19:07'),
(677, 30, 140.68509902, -2.54868736, '2022-09-25 21:19:07', '2022-09-25 21:19:07'),
(678, 30, 140.67757680, -2.55086906, '2022-09-25 21:19:07', '2022-09-25 21:19:07'),
(679, 30, 140.67442232, -2.54796012, '2022-09-25 21:19:07', '2022-09-25 21:19:07'),
(680, 30, 140.66488607, -2.55315517, '2022-09-25 21:19:07', '2022-09-25 21:19:07'),
(681, 30, 140.65402449, -2.55562126, '2022-09-25 21:19:07', '2022-09-25 21:19:07'),
(682, 30, 140.64809999, -2.54970264, '2022-09-25 21:19:07', '2022-09-25 21:19:07'),
(683, 30, 140.63822583, -2.55463482, '2022-09-25 21:19:07', '2022-09-25 21:19:07'),
(684, 30, 140.63526358, -2.56745841, '2022-09-25 21:19:07', '2022-09-25 21:19:07'),
(685, 30, 140.63575729, -2.57584300, '2022-09-25 21:19:07', '2022-09-25 21:19:07'),
(686, 30, 140.63773212, -2.58324112, '2022-09-25 21:19:07', '2022-09-25 21:19:07'),
(687, 30, 140.63476988, -2.58965278, '2022-09-25 21:19:07', '2022-09-25 21:19:07'),
(688, 30, 140.63427617, -2.59606442, '2022-09-25 21:19:07', '2022-09-25 21:19:07'),
(689, 30, 140.63526358, -2.60198282, '2022-09-25 21:19:07', '2022-09-25 21:19:07'),
(690, 30, 140.64809999, -2.60938079, '2022-09-25 21:19:07', '2022-09-25 21:19:07'),
(691, 30, 140.64923123, -2.61199467, '2022-09-25 21:19:07', '2022-09-25 21:19:07'),
(692, 30, 140.65496817, -2.61145739, '2022-09-25 21:19:07', '2022-09-25 21:19:07'),
(693, 30, 140.66500783, -2.61736746, '2022-09-25 21:19:07', '2022-09-25 21:19:07'),
(694, 30, 140.67558532, -2.62345659, '2022-09-25 21:19:07', '2022-09-25 21:19:07'),
(695, 30, 140.68024659, -2.62148658, '2022-09-25 21:19:07', '2022-09-25 21:19:07'),
(696, 30, 140.68526642, -2.62291932, '2022-09-25 21:19:07', '2022-09-25 21:19:07'),
(697, 30, 140.68867273, -2.62596387, '2022-09-25 21:19:07', '2022-09-25 21:19:07'),
(698, 30, 140.69709887, -2.63079933, '2022-09-25 21:19:07', '2022-09-25 21:19:07'),
(699, 30, 140.69100337, -2.63509750, '2022-09-25 21:19:07', '2022-09-25 21:19:07'),
(700, 30, 140.70050518, -2.63223205, '2022-09-25 21:19:07', '2022-09-25 21:19:07'),
(701, 30, 140.72560432, -2.64441014, '2022-09-25 21:19:07', '2022-09-25 21:19:07'),
(702, 30, 140.72851117, -2.65265293, '2022-09-25 21:19:07', '2022-09-25 21:19:07'),
(703, 30, 140.73224720, -2.64518886, '2022-09-25 21:19:07', '2022-09-25 21:19:07'),
(704, 30, 140.74345528, -2.65514094, '2022-09-25 21:19:07', '2022-09-25 21:19:07'),
(705, 30, 140.73529599, -2.67405510, '2022-09-25 21:19:07', '2022-09-25 21:19:07'),
(706, 30, 140.74367270, -2.69288204, '2022-09-25 21:19:07', '2022-09-25 21:19:07'),
(707, 30, 140.74367270, -2.71170869, '2022-09-25 21:19:07', '2022-09-25 21:19:07'),
(708, 30, 140.73110763, -2.72635143, '2022-09-25 21:19:07', '2022-09-25 21:19:07'),
(709, 30, 140.71067517, -2.75366814, '2022-09-25 21:19:07', '2022-09-25 21:19:07');

-- --------------------------------------------------------

--
-- Table structure for table `migrations`
--

CREATE TABLE `migrations` (
  `id` int(10) UNSIGNED NOT NULL,
  `migration` varchar(255) COLLATE utf8mb4_unicode_ci NOT NULL,
  `batch` int(11) NOT NULL
) ENGINE=InnoDB DEFAULT CHARSET=utf8mb4 COLLATE=utf8mb4_unicode_ci;

--
-- Dumping data for table `migrations`
--

INSERT INTO `migrations` (`id`, `migration`, `batch`) VALUES
(1, '2014_10_12_000000_create_users_table', 1),
(2, '2014_10_12_100000_create_password_resets_table', 1),
(3, '2019_08_19_000000_create_failed_jobs_table', 1),
(4, '2019_12_14_000001_create_personal_access_tokens_table', 1),
(5, '2022_06_10_014443_create_permission_tables', 1),
(6, '2022_06_21_223739_create_koordinat_table', 1),
(7, '2022_06_21_223759_create_koordinat_det_table', 1),
(8, '2022_06_21_223822_create_kawasan_table', 1),
(9, '2022_06_21_223834_create_tutupan_table', 1),
(10, '2022_06_21_223916_create_kawasan_tutupan_table', 1),
(11, '2022_06_21_232258_create_polygon_table', 1);

-- --------------------------------------------------------

--
-- Table structure for table `model_has_permissions`
--

CREATE TABLE `model_has_permissions` (
  `permission_id` bigint(20) UNSIGNED NOT NULL,
  `model_type` varchar(255) COLLATE utf8mb4_unicode_ci NOT NULL,
  `model_id` bigint(20) UNSIGNED NOT NULL
) ENGINE=InnoDB DEFAULT CHARSET=utf8mb4 COLLATE=utf8mb4_unicode_ci;

-- --------------------------------------------------------

--
-- Table structure for table `model_has_roles`
--

CREATE TABLE `model_has_roles` (
  `role_id` bigint(20) UNSIGNED NOT NULL,
  `model_type` varchar(255) COLLATE utf8mb4_unicode_ci NOT NULL,
  `model_id` bigint(20) UNSIGNED NOT NULL
) ENGINE=InnoDB DEFAULT CHARSET=utf8mb4 COLLATE=utf8mb4_unicode_ci;

-- --------------------------------------------------------

--
-- Table structure for table `password_resets`
--

CREATE TABLE `password_resets` (
  `email` varchar(255) COLLATE utf8mb4_unicode_ci NOT NULL,
  `token` varchar(255) COLLATE utf8mb4_unicode_ci NOT NULL,
  `created_at` timestamp NULL DEFAULT NULL
) ENGINE=InnoDB DEFAULT CHARSET=utf8mb4 COLLATE=utf8mb4_unicode_ci;

-- --------------------------------------------------------

--
-- Table structure for table `permissions`
--

CREATE TABLE `permissions` (
  `id` bigint(20) UNSIGNED NOT NULL,
  `name` varchar(255) COLLATE utf8mb4_unicode_ci NOT NULL,
  `guard_name` varchar(255) COLLATE utf8mb4_unicode_ci NOT NULL,
  `created_at` timestamp NULL DEFAULT NULL,
  `updated_at` timestamp NULL DEFAULT NULL
) ENGINE=InnoDB DEFAULT CHARSET=utf8mb4 COLLATE=utf8mb4_unicode_ci;

-- --------------------------------------------------------

--
-- Table structure for table `personal_access_tokens`
--

CREATE TABLE `personal_access_tokens` (
  `id` bigint(20) UNSIGNED NOT NULL,
  `tokenable_type` varchar(255) COLLATE utf8mb4_unicode_ci NOT NULL,
  `tokenable_id` bigint(20) UNSIGNED NOT NULL,
  `name` varchar(255) COLLATE utf8mb4_unicode_ci NOT NULL,
  `token` varchar(64) COLLATE utf8mb4_unicode_ci NOT NULL,
  `abilities` text COLLATE utf8mb4_unicode_ci DEFAULT NULL,
  `last_used_at` timestamp NULL DEFAULT NULL,
  `created_at` timestamp NULL DEFAULT NULL,
  `updated_at` timestamp NULL DEFAULT NULL
) ENGINE=InnoDB DEFAULT CHARSET=utf8mb4 COLLATE=utf8mb4_unicode_ci;

-- --------------------------------------------------------

--
-- Table structure for table `polygon`
--

CREATE TABLE `polygon` (
  `id` bigint(20) UNSIGNED NOT NULL,
  `koordinat_id` bigint(20) UNSIGNED NOT NULL,
  `nm_polygon` varchar(120) COLLATE utf8mb4_unicode_ci NOT NULL,
  `warna` varchar(50) COLLATE utf8mb4_unicode_ci NOT NULL,
  `luas` decimal(15,2) NOT NULL,
  `created_at` timestamp NULL DEFAULT NULL,
  `updated_at` timestamp NULL DEFAULT NULL
) ENGINE=InnoDB DEFAULT CHARSET=utf8mb4 COLLATE=utf8mb4_unicode_ci;

-- --------------------------------------------------------

--
-- Table structure for table `roles`
--

CREATE TABLE `roles` (
  `id` bigint(20) UNSIGNED NOT NULL,
  `name` varchar(255) COLLATE utf8mb4_unicode_ci NOT NULL,
  `guard_name` varchar(255) COLLATE utf8mb4_unicode_ci NOT NULL,
  `created_at` timestamp NULL DEFAULT NULL,
  `updated_at` timestamp NULL DEFAULT NULL
) ENGINE=InnoDB DEFAULT CHARSET=utf8mb4 COLLATE=utf8mb4_unicode_ci;

-- --------------------------------------------------------

--
-- Table structure for table `role_has_permissions`
--

CREATE TABLE `role_has_permissions` (
  `permission_id` bigint(20) UNSIGNED NOT NULL,
  `role_id` bigint(20) UNSIGNED NOT NULL
) ENGINE=InnoDB DEFAULT CHARSET=utf8mb4 COLLATE=utf8mb4_unicode_ci;

-- --------------------------------------------------------

--
-- Table structure for table `tutupan`
--

CREATE TABLE `tutupan` (
  `id` bigint(20) UNSIGNED NOT NULL,
  `nm_tutupan` varchar(100) COLLATE utf8mb4_unicode_ci NOT NULL,
  `created_at` timestamp NULL DEFAULT NULL,
  `updated_at` timestamp NULL DEFAULT NULL
) ENGINE=InnoDB DEFAULT CHARSET=utf8mb4 COLLATE=utf8mb4_unicode_ci;

--
-- Dumping data for table `tutupan`
--

INSERT INTO `tutupan` (`id`, `nm_tutupan`, `created_at`, `updated_at`) VALUES
(1, 'Hutan Lahan Kering Primer', '2022-07-23 22:47:16', '2022-07-23 22:47:16'),
(2, 'Hutan Lahan Kering Sekunder', '2022-07-23 22:49:27', '2022-07-23 22:49:27'),
(3, 'Hutan Mangrove Primer', '2022-07-23 22:49:44', '2022-07-23 22:49:44'),
(4, 'Hutan Mangrove Sekunder', '2022-07-23 22:50:04', '2022-07-23 22:50:04'),
(5, 'Hutan Rawa Primer', '2022-07-23 22:50:16', '2022-07-23 22:50:16'),
(6, 'Hutan Rawa Sekunder', '2022-07-23 22:50:30', '2022-07-23 22:50:30'),
(7, 'Pemukiman', '2022-07-23 22:50:41', '2022-07-23 22:50:41'),
(8, 'Pertanian Lahan Kering', '2022-07-23 22:50:51', '2022-07-23 22:50:51'),
(9, 'Pertanian Lahan Kering Bercampur Semak', '2022-07-23 22:51:10', '2022-07-23 22:51:10'),
(10, 'Savana', '2022-07-23 22:51:19', '2022-07-23 22:51:19'),
(11, 'Belukar', '2022-07-23 22:51:26', '2022-07-23 22:51:26'),
(12, 'Belukar Rawa', '2022-07-23 22:51:33', '2022-07-23 22:51:33'),
(13, 'Perkebunan', '2022-07-23 22:51:41', '2022-07-23 22:51:41'),
(14, 'Sawah', '2022-07-23 22:51:47', '2022-07-23 22:51:47'),
(15, 'Tambak', '2022-07-23 22:51:55', '2022-07-23 22:51:55'),
(16, 'Tanah Terbuka', '2022-07-23 22:52:04', '2022-07-23 22:52:04'),
(17, 'Transmigrasi', '2022-07-23 22:52:12', '2022-07-23 22:52:12'),
(18, 'Tubuh Air', '2022-07-23 22:52:19', '2022-07-23 22:52:19');

-- --------------------------------------------------------

--
-- Table structure for table `users`
--

CREATE TABLE `users` (
  `id` bigint(20) UNSIGNED NOT NULL,
  `name` varchar(255) COLLATE utf8mb4_unicode_ci NOT NULL,
  `email` varchar(255) COLLATE utf8mb4_unicode_ci NOT NULL,
  `email_verified_at` timestamp NULL DEFAULT NULL,
  `password` varchar(255) COLLATE utf8mb4_unicode_ci NOT NULL,
  `remember_token` varchar(100) COLLATE utf8mb4_unicode_ci DEFAULT NULL,
  `created_at` timestamp NULL DEFAULT NULL,
  `updated_at` timestamp NULL DEFAULT NULL
) ENGINE=InnoDB DEFAULT CHARSET=utf8mb4 COLLATE=utf8mb4_unicode_ci;

--
-- Dumping data for table `users`
--

INSERT INTO `users` (`id`, `name`, `email`, `email_verified_at`, `password`, `remember_token`, `created_at`, `updated_at`) VALUES
(1, 'Admin', 'admin@mail.com', NULL, '$2y$10$mY/UDNb.WZ9LixRbbu6kjeW6N5erKhIMyig0/86HG/gBOcOumrHXq', NULL, '2022-06-28 16:23:34', '2022-06-28 16:23:34');

--
-- Indexes for dumped tables
--

--
-- Indexes for table `failed_jobs`
--
ALTER TABLE `failed_jobs`
  ADD PRIMARY KEY (`id`),
  ADD UNIQUE KEY `failed_jobs_uuid_unique` (`uuid`);

--
-- Indexes for table `kawasan`
--
ALTER TABLE `kawasan`
  ADD PRIMARY KEY (`id`),
  ADD KEY `kawasan_koordinat_id_foreign` (`koordinat_id`);

--
-- Indexes for table `kawasan_tutupan`
--
ALTER TABLE `kawasan_tutupan`
  ADD PRIMARY KEY (`id`),
  ADD KEY `kawasan_tutupan_kawasan_id_foreign` (`kawasan_id`),
  ADD KEY `kawasan_tutupan_tutupan_id_foreign` (`tutupan_id`);

--
-- Indexes for table `koordinat`
--
ALTER TABLE `koordinat`
  ADD PRIMARY KEY (`id`);

--
-- Indexes for table `koordinat_det`
--
ALTER TABLE `koordinat_det`
  ADD PRIMARY KEY (`id`),
  ADD KEY `koordinat_det_koordinat_id_foreign` (`koordinat_id`);

--
-- Indexes for table `migrations`
--
ALTER TABLE `migrations`
  ADD PRIMARY KEY (`id`);

--
-- Indexes for table `model_has_permissions`
--
ALTER TABLE `model_has_permissions`
  ADD PRIMARY KEY (`permission_id`,`model_id`,`model_type`),
  ADD KEY `model_has_permissions_model_id_model_type_index` (`model_id`,`model_type`);

--
-- Indexes for table `model_has_roles`
--
ALTER TABLE `model_has_roles`
  ADD PRIMARY KEY (`role_id`,`model_id`,`model_type`),
  ADD KEY `model_has_roles_model_id_model_type_index` (`model_id`,`model_type`);

--
-- Indexes for table `password_resets`
--
ALTER TABLE `password_resets`
  ADD KEY `password_resets_email_index` (`email`);

--
-- Indexes for table `permissions`
--
ALTER TABLE `permissions`
  ADD PRIMARY KEY (`id`),
  ADD UNIQUE KEY `permissions_name_guard_name_unique` (`name`,`guard_name`);

--
-- Indexes for table `personal_access_tokens`
--
ALTER TABLE `personal_access_tokens`
  ADD PRIMARY KEY (`id`),
  ADD UNIQUE KEY `personal_access_tokens_token_unique` (`token`),
  ADD KEY `personal_access_tokens_tokenable_type_tokenable_id_index` (`tokenable_type`,`tokenable_id`);

--
-- Indexes for table `polygon`
--
ALTER TABLE `polygon`
  ADD PRIMARY KEY (`id`),
  ADD KEY `polygon_koordinat_id_foreign` (`koordinat_id`);

--
-- Indexes for table `roles`
--
ALTER TABLE `roles`
  ADD PRIMARY KEY (`id`),
  ADD UNIQUE KEY `roles_name_guard_name_unique` (`name`,`guard_name`);

--
-- Indexes for table `role_has_permissions`
--
ALTER TABLE `role_has_permissions`
  ADD PRIMARY KEY (`permission_id`,`role_id`),
  ADD KEY `role_has_permissions_role_id_foreign` (`role_id`);

--
-- Indexes for table `tutupan`
--
ALTER TABLE `tutupan`
  ADD PRIMARY KEY (`id`);

--
-- Indexes for table `users`
--
ALTER TABLE `users`
  ADD PRIMARY KEY (`id`),
  ADD UNIQUE KEY `users_email_unique` (`email`);

--
-- AUTO_INCREMENT for dumped tables
--

--
-- AUTO_INCREMENT for table `failed_jobs`
--
ALTER TABLE `failed_jobs`
  MODIFY `id` bigint(20) UNSIGNED NOT NULL AUTO_INCREMENT;

--
-- AUTO_INCREMENT for table `kawasan`
--
ALTER TABLE `kawasan`
  MODIFY `id` bigint(20) UNSIGNED NOT NULL AUTO_INCREMENT, AUTO_INCREMENT=26;

--
-- AUTO_INCREMENT for table `kawasan_tutupan`
--
ALTER TABLE `kawasan_tutupan`
  MODIFY `id` bigint(20) UNSIGNED NOT NULL AUTO_INCREMENT, AUTO_INCREMENT=28;

--
-- AUTO_INCREMENT for table `koordinat`
--
ALTER TABLE `koordinat`
  MODIFY `id` bigint(20) UNSIGNED NOT NULL AUTO_INCREMENT, AUTO_INCREMENT=32;

--
-- AUTO_INCREMENT for table `koordinat_det`
--
ALTER TABLE `koordinat_det`
  MODIFY `id` bigint(20) UNSIGNED NOT NULL AUTO_INCREMENT, AUTO_INCREMENT=716;

--
-- AUTO_INCREMENT for table `migrations`
--
ALTER TABLE `migrations`
  MODIFY `id` int(10) UNSIGNED NOT NULL AUTO_INCREMENT, AUTO_INCREMENT=12;

--
-- AUTO_INCREMENT for table `permissions`
--
ALTER TABLE `permissions`
  MODIFY `id` bigint(20) UNSIGNED NOT NULL AUTO_INCREMENT;

--
-- AUTO_INCREMENT for table `personal_access_tokens`
--
ALTER TABLE `personal_access_tokens`
  MODIFY `id` bigint(20) UNSIGNED NOT NULL AUTO_INCREMENT;

--
-- AUTO_INCREMENT for table `polygon`
--
ALTER TABLE `polygon`
  MODIFY `id` bigint(20) UNSIGNED NOT NULL AUTO_INCREMENT;

--
-- AUTO_INCREMENT for table `roles`
--
ALTER TABLE `roles`
  MODIFY `id` bigint(20) UNSIGNED NOT NULL AUTO_INCREMENT;

--
-- AUTO_INCREMENT for table `tutupan`
--
ALTER TABLE `tutupan`
  MODIFY `id` bigint(20) UNSIGNED NOT NULL AUTO_INCREMENT, AUTO_INCREMENT=19;

--
-- AUTO_INCREMENT for table `users`
--
ALTER TABLE `users`
  MODIFY `id` bigint(20) UNSIGNED NOT NULL AUTO_INCREMENT, AUTO_INCREMENT=2;

--
-- Constraints for dumped tables
--

--
-- Constraints for table `kawasan`
--
ALTER TABLE `kawasan`
  ADD CONSTRAINT `kawasan_koordinat_id_foreign` FOREIGN KEY (`koordinat_id`) REFERENCES `koordinat` (`id`) ON DELETE CASCADE ON UPDATE CASCADE;

--
-- Constraints for table `kawasan_tutupan`
--
ALTER TABLE `kawasan_tutupan`
  ADD CONSTRAINT `kawasan_tutupan_kawasan_id_foreign` FOREIGN KEY (`kawasan_id`) REFERENCES `kawasan` (`id`) ON DELETE CASCADE ON UPDATE CASCADE,
  ADD CONSTRAINT `kawasan_tutupan_tutupan_id_foreign` FOREIGN KEY (`tutupan_id`) REFERENCES `tutupan` (`id`) ON DELETE CASCADE ON UPDATE CASCADE;

--
-- Constraints for table `koordinat_det`
--
ALTER TABLE `koordinat_det`
  ADD CONSTRAINT `koordinat_det_koordinat_id_foreign` FOREIGN KEY (`koordinat_id`) REFERENCES `koordinat` (`id`) ON DELETE CASCADE ON UPDATE CASCADE;

--
-- Constraints for table `model_has_permissions`
--
ALTER TABLE `model_has_permissions`
  ADD CONSTRAINT `model_has_permissions_permission_id_foreign` FOREIGN KEY (`permission_id`) REFERENCES `permissions` (`id`) ON DELETE CASCADE;

--
-- Constraints for table `model_has_roles`
--
ALTER TABLE `model_has_roles`
  ADD CONSTRAINT `model_has_roles_role_id_foreign` FOREIGN KEY (`role_id`) REFERENCES `roles` (`id`) ON DELETE CASCADE;

--
-- Constraints for table `polygon`
--
ALTER TABLE `polygon`
  ADD CONSTRAINT `polygon_koordinat_id_foreign` FOREIGN KEY (`koordinat_id`) REFERENCES `koordinat` (`id`) ON DELETE CASCADE;

--
-- Constraints for table `role_has_permissions`
--
ALTER TABLE `role_has_permissions`
  ADD CONSTRAINT `role_has_permissions_permission_id_foreign` FOREIGN KEY (`permission_id`) REFERENCES `permissions` (`id`) ON DELETE CASCADE,
  ADD CONSTRAINT `role_has_permissions_role_id_foreign` FOREIGN KEY (`role_id`) REFERENCES `roles` (`id`) ON DELETE CASCADE;
COMMIT;

/*!40101 SET CHARACTER_SET_CLIENT=@OLD_CHARACTER_SET_CLIENT */;
/*!40101 SET CHARACTER_SET_RESULTS=@OLD_CHARACTER_SET_RESULTS */;
/*!40101 SET COLLATION_CONNECTION=@OLD_COLLATION_CONNECTION */;
